Date,XOM,SP500,XOM_Return,SP500_Return
2024-01-03,94.38801574707031,4704.81005859375,0.008366547484756496,-0.008048618327197648
2024-01-04,93.56502532958984,4688.68017578125,-0.008757460614285999,-0.003434271663317429
2024-01-05,93.84849548339844,4697.240234375,0.0030250791805304256,0.0018240216394339805
2024-01-08,92.28482055664062,4763.5400390625,-0.01680206151712369,0.014015945436353141
2024-01-09,91.14176940917969,4756.5,-0.012463470473407233,-0.0014789938523175842
2024-01-10,90.24562072753906,4783.4501953125,-0.009881127595128342,0.005649980650495912
2024-01-11,90.22733306884766,4780.240234375,-0.000202663705217942,-0.0006712808369611647
2024-01-12,91.39781188964844,4783.830078125,0.012889129699464588,0.0007506937530339595
2024-01-16,89.33119201660156,4765.97998046875,-0.02287081664329104,-0.0037383190523568345
2024-01-17,88.68193817138672,4739.2099609375,-0.007294481293565815,-0.005632731271107821
2024-01-18,88.51734161376953,4780.93994140625,-0.0018577570423035778,0.008766720726243148
2024-01-19,88.65452575683594,4839.81005859375,0.0015485999274959068,0.012238308232548512
2024-01-22,88.5356216430664,4850.43017578125,-0.0013421077115445682,0.0021919211872316853
2024-01-23,89.53237915039062,4864.60009765625,0.011195362599375525,0.002917115340764486
2024-01-24,91.07775115966797,4868.5498046875,0.017113211994308816,0.0008115989762168653
2024-01-25,93.39128875732422,4894.16015625,0.02508452269637416,0.00524657813497798
2024-01-26,94.18683624267578,4890.97021484375,0.008482356408461945,-0.0006519977554263648
2024-01-29,94.30571746826172,4927.93017578125,0.001261389259237583,0.007528365505246204
2024-01-30,95.87855529785156,4924.97021484375,0.016540523207292938,-0.0006008303969786162
2024-01-31,94.01309204101562,4845.64990234375,-0.019648292033241078,-0.016236851740733683
2024-02-01,93.6290512084961,4906.18994140625,-0.004093338117962844,0.012416286114049784
2024-02-02,93.24498748779297,4958.60986328125,-0.00411040788893504,0.01062777072263312
2024-02-05,92.86091613769531,4942.81005859375,-0.004127455259238518,-0.0031914247092839714
2024-02-06,93.50102233886719,4954.22998046875,0.006869522002592515,0.0023077459317481074
2024-02-07,93.47357940673828,4995.06005859375,-0.00029354716704582207,0.008207682594008628
2024-02-08,95.07384490966797,4997.91015625,0.0169750813130866,0.000570420540090595
2024-02-09,93.06209564208984,5026.60986328125,-0.021386939066129658,0.0057259171287955156
2024-02-12,94.34230041503906,5021.83984375,0.013662696440393245,-0.0009494041426524416
2024-02-13,93.53010559082031,4953.169921875,-0.008646292463521998,-0.013768609419845444
2024-02-14,93.06864166259766,5000.6201171875,-0.0049460660992556894,0.009534168304216807
2024-02-15,95.73591613769531,5029.72998046875,0.028256223998305074,0.00580437267404004
2024-02-16,95.73591613769531,5005.56982421875,0.0,-0.0048150435759610425
2024-02-20,94.83145141601562,4975.509765625,-0.009492407065692767,-0.0060234264658172495
2024-02-21,96.76960754394531,4981.7998046875,0.020231853099120022,0.0012634014951035982
2024-02-22,96.6865463256836,5087.02978515625,-0.0008587085156429888,0.02090288866640342
2024-02-23,95.83743286132812,5088.7998046875,-0.008820916476231512,0.000347887026502183
2024-02-26,96.21585083007812,5069.52978515625,0.003940765304301733,-0.003793939244668484
2024-02-27,96.0127944946289,5078.18017578125,-0.0021126550689832893,0.001704895538720964
2024-02-28,96.28045654296875,5069.759765625,0.0027838961561296484,-0.001659531321112244
2024-02-29,96.46504211425781,5096.27001953125,0.0019153301011352124,0.0052154704557999644
2024-03-01,97.68331909179688,5137.080078125,0.01255012363105405,0.007975936433387976
2024-03-04,96.31737518310547,5130.9501953125,-0.014082078278187141,-0.0011939745749630112
2024-03-05,97.49872589111328,5078.64990234375,0.012190579951733003,-0.010245406275917994
2024-03-06,98.54163360595703,5104.759765625,0.010639824943266001,0.005127932853001643
2024-03-07,99.09540557861328,5157.35986328125,0.005603943715915727,0.010251402284983627
2024-03-08,100.0275650024414,5123.68994140625,0.009362719233872057,-0.006549922992050337
2024-03-11,100.61823272705078,5117.93994140625,0.005887683047185791,-0.0011228682680281005
2024-03-12,99.97219848632812,5175.27001953125,-0.006441348877203287,0.011139512586668012
2024-03-13,101.08893585205078,5165.31005859375,0.011108550174512042,-0.0019263840021219723
2024-03-14,102.87944030761719,5150.47998046875,0.017557137857220375,-0.002875221051495188
2024-03-15,102.69483947753906,5117.08984375,-0.0017959530724310406,-0.0065040228597376655
2024-03-18,103.64547729492188,5149.419921875,0.009214336377128322,0.006298184238480456
2024-03-19,104.37459564208984,5178.509765625,0.007010105541323606,0.00563325304434312
2024-03-20,104.28229522705078,5224.6201171875,-0.0008847100201194785,0.008864765516360184
2024-03-21,104.7437515258789,5241.52978515625,0.004415306663144864,0.003231309094528888
2024-03-22,104.7437515258789,5234.18017578125,0.0,-0.0014031718343267125
2024-03-25,105.81437683105469,5218.18994140625,0.010169491345608185,-0.0030596403820319297
2024-03-26,105.02063751220703,5203.580078125,-0.0075295184845339015,-0.002803721982805726
2024-03-27,106.10970306396484,5248.490234375,0.010316614922358696,0.008593595582706042
2024-03-28,107.28182220458984,5254.35009765625,0.010985730828356329,0.0011158627007616052
2024-04-01,107.97402954101562,5243.77001953125,0.006431506663957469,-0.0020156145269577246
2024-04-02,110.0875473022461,5205.81005859375,0.0193852028155894,-0.007265388203672426
2024-04-03,110.10600280761719,5211.490234375,0.00016762984569813284,0.001090527523337898
2024-04-04,110.4936294555664,5147.2099609375,0.0035143036542307944,-0.01241103561926225
2024-04-05,112.01648712158203,5204.33984375,0.013688199593942518,0.011038050135699558
2024-04-08,111.2596664428711,5202.39013671875,-0.006779260258177326,-0.0003747011900415767
2024-04-09,111.84112548828125,5209.91015625,0.005212535167822432,0.0014444494736345207
2024-04-10,112.78250885009766,5160.64013671875,0.008381921841098454,-0.009501981832212592
2024-04-11,112.40412139892578,5199.06005859375,-0.0033606596171368262,0.007417221983342437
2024-04-12,111.09355163574219,5123.41015625,-0.011727950158885905,-0.014657587802248536
2024-04-15,110.45671844482422,5061.81982421875,-0.005748897932925127,-0.012094195787459195
2024-04-16,109.54302215576172,5051.41015625,-0.00830638745315542,-0.0020586245275039964
2024-04-17,109.48764038085938,5022.2099609375,-0.0005056988408946687,-0.005797375076004185
2024-04-18,109.38612365722656,5011.1201171875,-0.0009276281363232903,-0.0022106017004853043
2024-04-19,110.64130401611328,4967.22998046875,0.01140943188979925,-0.008797129654056974
2024-04-22,111.26890563964844,5010.60009765625,0.005656371537177649,0.00869335115683908
2024-04-23,111.70267486572266,5070.5498046875,0.0038908077191245885,0.01189356656772209
2024-04-24,111.72114562988281,5071.6298828125,0.00016534283731497025,0.00021298737793290078
2024-04-25,111.97956848144531,5048.419921875,0.0023104348821285843,-0.0045869342701194095
2024-04-26,108.86927032470703,5099.9599609375,-0.02816862277259157,0.010157381332325343
2024-04-29,110.41979217529297,5116.169921875,0.014141587116558548,0.0031734080766393944
2024-04-30,109.15538024902344,5035.68994140625,-0.011517020694377433,-0.015855551118928123
2024-05-01,107.08800506591797,5018.39013671875,-0.01912140036613592,-0.0034413534856316866
2024-05-02,107.28182220458984,5064.2001953125,0.0018082506661608565,0.009087024725084856
2024-05-03,107.06033325195312,5127.7900390625,-0.002066686611414599,0.012478557659508005
2024-05-06,107.75252532958984,5180.740234375,0.006444627923611732,0.010273173691247842
2024-05-07,107.21723175048828,5187.7001953125,-0.004980185982864285,0.0013425282288256131
2024-05-08,107.19877624511719,5187.669921875,-0.00017214671226457116,-5.835635193424912e-06
2024-05-09,109.31229400634766,5214.080078125,0.019524035382046456,0.005078032639106711
2024-05-10,108.86927032470703,5222.68017578125,-0.0040610607213207636,0.001648040080166728
2024-05-13,108.82313537597656,5221.419921875,-0.0004238544681673051,-0.00024133317386520824
2024-05-14,109.48373413085938,5246.68017578125,0.006052038332057133,0.004826148527454041
2024-05-15,110.33043670654297,5308.14990234375,0.0077038414770563704,0.01164782778729962
2024-05-16,109.6698226928711,5297.10009765625,-0.006005592911686861,-0.0020838374740880464
2024-05-17,111.31668090820312,5303.27001953125,0.014904880403050566,0.0011640956878937513
2024-05-20,110.41416931152344,5308.1298828125,-0.0081406496201442,0.0009159703084911664
2024-05-21,109.65120697021484,5321.41015625,-0.00693398853691244,0.0024987497668926086
2024-05-22,107.44609069824219,5307.009765625,-0.020315242376804665,-0.0027097912093521476
2024-05-23,105.61315155029297,5267.83984375,-0.01720633519330382,-0.007408162283471933
2024-05-24,105.52941131591797,5304.72021484375,-0.0007932104037092976,0.0069766490766732595
2024-05-28,106.86922454833984,5306.0400390625,0.012616192173171585,0.00024877090688591537
2024-05-29,105.72479248046875,5266.9501953125,-0.010766465950000869,-0.007394317215742535
2024-05-30,106.05975341796875,5235.47998046875,0.0031632262437333862,-0.005992957535754186
2024-05-31,109.10226440429688,5277.509765625,0.02828300115671423,0.007995824231928897
2024-06-03,106.48774719238281,5283.39990234375,-0.024255719239456935,0.0011154602235352391
2024-06-04,104.83158874511719,5291.33984375,-0.01567478290105749,0.0015016810037827531
2024-06-05,105.25027465820312,5354.02978515625,0.003985936345311798,0.011778015849957281
2024-06-06,106.04114532470703,5352.9599609375,0.007486100098547538,-0.00019983660163685183
2024-06-07,104.90601348876953,5346.990234375,-0.010762342559849931,-0.0011158420502790662
2024-06-10,105.21305084228516,5360.7900390625,0.002922510368382188,0.002577529978240972
2024-06-11,104.36637115478516,5375.31982421875,-0.008079841862676584,0.0027067148552095224
2024-06-12,103.21263885498047,5421.02978515625,-0.011116193108929364,0.008467720241887338
2024-06-13,102.3845443725586,5433.740234375,-0.008055547721673523,0.00234191143711672
2024-06-14,101.51924896240234,5431.60009765625,-0.008487341900724824,-0.00039393828099749413
2024-06-17,100.82142639160156,5473.22998046875,-0.006897528993675116,0.007635164372320518
2024-06-18,101.77046203613281,5487.02978515625,0.009369008739191262,0.0025181541815171163
2024-06-20,103.96627807617188,5473.169921875,0.02134669209682983,-0.0025291273954115403
2024-06-21,103.0544662475586,5464.6201171875,-0.008808950308680296,-0.0015633517188252497
2024-06-24,106.11558532714844,5447.8701171875,0.0292712806573609,-0.0030698791558664423
2024-06-25,106.4133071899414,5469.2998046875,0.0028017090195690876,0.003925873679181344
2024-06-26,106.45053100585938,5477.89990234375,0.00034974297760386705,0.0015711962247204525
2024-06-27,106.90644073486328,5482.8701171875,0.00427368666881392,0.0009069098567990731
2024-06-28,107.11114501953125,5460.47998046875,0.0019129675383612952,-0.0040920134623695995
2024-07-01,106.96227264404297,5475.08984375,-0.0013908536717191357,0.0026719909814295235
2024-07-02,106.23653411865234,5509.009765625,-0.0068081181091212495,0.0061762057711850496
2024-07-03,106.77619171142578,5537.02001953125,0.005066915558691584,0.0050715622695336636
2024-07-05,105.4828872680664,5567.18994140625,-0.012186243855099683,0.00543397436096954
2024-07-08,104.37567901611328,5572.85009765625,-0.010552045075956026,0.0010161824764044329
2024-07-09,103.22193908691406,5576.97998046875,-0.011115270188141475,0.0007407974780654752
2024-07-10,104.1337661743164,5633.91015625,0.008794867387015773,0.010156314878105886
2024-07-11,105.37123107910156,5584.5400390625,0.011813363043673959,-0.008801649969266724
2024-07-12,105.38983917236328,5615.35009765625,0.00017657998498356786,0.00550186402496512
2024-07-15,107.19486999511719,5631.22021484375,0.016982164047486176,0.0028222164233526843
2024-07-16,107.96712493896484,5667.2001953125,0.00717838910376216,0.0063690499714532745
2024-07-17,109.45581817626953,5588.27001953125,0.013694198786836987,-0.014025441523645543
2024-07-18,110.53511810302734,5544.58984375,0.00981230049467429,-0.007847112145350072
2024-07-19,107.99505615234375,5505.0,-0.023247831644487973,-0.007165879226406085
2024-07-22,107.25070190429688,5564.41015625,-0.0069163473603428855,0.010734217246220293
2024-07-23,105.52010345458984,5555.740234375,-0.01626761351397764,-0.0015593176939461904
2024-07-24,107.00879669189453,5427.1298828125,0.014009554321517702,-0.02342124222289286
2024-07-25,109.26042175292969,5399.22021484375,0.020823179889051736,-0.005155889019717259
2024-07-26,109.16739654541016,5459.10009765625,-0.0008517707485108807,0.011029420409570924
2024-07-29,108.02295684814453,5463.5400390625,-0.010538684352435466,0.0008129795718284517
2024-07-30,109.94894409179688,5436.43994140625,0.017672345479366983,-0.0049725143613676215
2024-07-31,110.3397216796875,5522.2998046875,0.0035478720289852748,0.015669980701917767
2024-08-01,108.81381225585938,5446.68017578125,-0.013925708207595464,-0.013788123791990166
2024-08-02,108.74869537353516,5346.56005859375,-0.0005986039136814116,-0.01855290660855327
2024-08-05,106.78547668457031,5186.330078125,-0.018217742152022525,-0.0304270413923931
2024-08-06,106.21793365478516,5240.02978515625,-0.005328969822286671,0.010300849493599515
2024-08-07,107.63218688964844,5199.5,0.013226776300660596,-0.007764715388769489
2024-08-08,109.68843078613281,5319.31005859375,0.018924161765690693,0.02278113959089888
2024-08-09,110.58164978027344,5344.16015625,0.008110260711703909,0.004660798434381699
2024-08-12,110.72120666503906,5344.39013671875,0.001261230022121769,4.30330517200971e-05
2024-08-13,109.6605224609375,5434.43017578125,-0.00962595582183059,0.016707233419049988
2024-08-14,110.67467498779297,5455.2099609375,0.009205607642055478,0.00381643656119841
2024-08-15,111.35938262939453,5543.22021484375,0.006167610675934487,0.01600448993130413
2024-08-16,110.83412170410156,5554.25,-0.00472796813145257,0.0019878023683961516
2024-08-19,111.17179107666016,5608.25,0.0030419877445574876,0.009675327436177775
2024-08-20,107.46699523925781,5597.1201171875,-0.03389289286981968,-0.001986527237609709
2024-08-21,106.78230285644531,5620.85009765625,-0.006391570192550611,0.004230714721006796
2024-08-22,107.60769653320312,5570.64013671875,0.007699965084185087,-0.00897294225665722
2024-08-23,109.09896850585938,5634.60986328125,0.0137632639306691,0.01141793740166443
2024-08-26,111.43439483642578,5616.83984375,0.021180592396030304,-0.0031587101696058145
2024-08-27,110.37454223632812,5625.7998046875,-0.009556519048998005,0.0015939251127232035
2024-08-28,109.28655242919922,5592.18017578125,-0.009906157537684325,-0.005993900794735212
2024-08-29,110.79661560058594,5591.9599609375,0.013722874697002297,-3.937984343658622e-05
2024-08-30,110.61839294433594,5648.39990234375,-0.0016098519780725245,0.010042457079144168
2024-09-03,108.30175018310547,5528.93017578125,-0.02116506236234588,-0.021377963372397696
2024-09-04,106.9792709350586,5520.06982421875,-0.01228622827017211,-0.0016038290273809634
2024-09-05,106.14452362060547,5503.41015625,-0.00783349024709957,-0.003022581014674196
2024-09-06,105.64741516113281,5408.419921875,-0.004694318161629873,-0.017410944507424406
2024-09-09,107.87030029296875,5471.0498046875,0.0208223045185482,0.011513534435818254
2024-09-10,103.9404067993164,5495.52001953125,-0.03711185886235322,0.004462699977793541
2024-09-11,102.90869903564453,5554.1298828125,-0.00997554536249152,0.01060855564984334
2024-09-12,104.32496643066406,5595.759765625,0.01366852670105026,0.00746735215680267
2024-09-13,104.24993133544922,5626.02001953125,-0.0007195026751111796,0.0053931422343560355
2024-09-16,105.71308135986328,5633.08984375,0.013937442510244133,0.0012558408673102855
2024-09-17,107.0918197631836,5634.580078125,0.0129579505717486,0.00026451509389645083
2024-09-18,107.46699523925781,5618.259765625,0.0034971842890306904,-0.0029006587083132912
2024-09-19,108.79884338378906,5713.64013671875,0.012316924304680846,0.016834356892725128
2024-09-20,108.1141586303711,5702.5498046875,-0.006313010479009689,-0.0019429136300157343
2024-09-23,110.07442474365234,5718.56982421875,0.01796903236558702,0.0028053344257131223
2024-09-24,109.78365325927734,5732.93017578125,-0.0026450850161837945,0.002508031103345345
2024-09-25,107.64519500732422,5722.259765625,-0.019671053082278425,-0.001862983206212128
2024-09-26,105.79750061035156,5745.3701171875,-0.01731369206527819,0.004030542158199222
2024-09-27,108.63002014160156,5738.169921875,0.02642090243589738,-0.0012540029000721238
2024-09-30,109.94309997558594,5762.47998046875,0.012015161151024597,0.004227603658441509
2024-10-01,112.48486328125,5708.75,0.02285570496949549,-0.009367848694454447
2024-10-02,113.97615814208984,5709.5400390625,0.013170623436500935,0.00013838132698647728
2024-10-03,114.9703598022461,5699.93994140625,0.008685066874946518,-0.0016828286544586894
2024-10-04,117.08069610595703,5751.06982421875,0.01818905307190083,0.008930255699186382
2024-10-07,117.58716583251953,5695.93994140625,0.004316488067519116,-0.009632263829388773
2024-10-08,114.46388244628906,5751.1298828125,-0.02692055934853697,0.009642706804694385
2024-10-09,114.51077270507812,5792.0400390625,0.0004095672458905585,0.007088231016994585
2024-10-10,115.49559020996094,5780.0498046875,0.008563445903526748,-0.0020722685059824846
2024-10-11,115.93641662597656,5815.02978515625,0.0038095590594887908,0.00603360870729872
2024-10-14,116.37724304199219,5859.85009765625,0.0037951013792292647,0.007678114574594323
2024-10-15,112.87879180908203,5815.259765625,-0.030522405505461106,-0.0076385660375134215
2024-10-16,113.1695556640625,5842.47021484375,0.0025725825345893293,0.004668232782779766
2024-10-17,112.87879180908203,5841.47021484375,-0.002572582534589351,-0.00017117512853816633
2024-10-18,112.5599136352539,5864.669921875,-0.002828958637470457,0.003963686942774387
2024-10-21,112.62555694580078,5853.97998046875,0.0005830155225991084,-0.001824432756419033
2024-10-22,113.20707702636719,5851.2001953125,0.005150020664669307,-0.0004749666671957937
2024-10-23,112.80376434326172,5797.419921875,-0.00356897137113252,-0.009233824267679564
2024-10-24,112.16596984863281,5809.85986328125,-0.005670062292208501,0.0021434731305568283
2024-10-25,112.07219696044922,5808.1201171875,-0.0008363687144276971,-0.00029949201318627087
2024-10-28,111.51880645751953,5823.52001953125,-0.004950034880114602,0.002647934626732945
2024-10-29,109.99937438964844,5832.919921875,-0.013718566048396169,0.0016128259449012198
2024-10-30,109.44600677490234,5813.669921875,-0.005043339574798947,-0.0033056916724881185
2024-10-31,109.53043365478516,5705.4501953125,0.0007711047261569755,-0.018790134928745348
2024-11-01,107.81401824951172,5728.7998046875,-0.01579475411993314,0.004084158004525459
2024-11-04,111.24681091308594,5712.68994140625,0.031343565244848506,-0.0028160448131902913
2024-11-05,111.5750961303711,5782.759765625,0.002946617405537241,0.012191031029563081
2024-11-06,113.48844909667969,5929.0400390625,0.017003189578003865,0.024981280957186654
2024-11-07,113.62913513183594,5973.10009765625,0.0012388829656518737,0.007403754173995657
2024-11-08,113.59162139892578,5995.5400390625,-0.00033019635902779674,0.0037497940357180464
2024-11-11,112.9913558959961,6001.35009765625,-0.005298428985124852,0.0009685941909569238
2024-11-12,112.87879180908203,5983.990234375,-0.0009967151248322964,-0.0028968514769364996
2024-11-13,113.92928314208984,5985.3798828125,0.009263328433490134,0.00023220076414018386
2024-11-14,114.00491333007812,5949.169921875,0.0006636142530113759,-0.006068108582244
2024-11-15,112.82288360595703,5870.6201171875,-0.010422359516400383,-0.013291430866793769
2024-11-18,113.76851654052734,5893.6201171875,0.008346640021255,0.003910159746206537
2024-11-19,112.17985534667969,5916.97998046875,-0.014062392753020998,0.003955750520596487
2024-11-20,113.77796173095703,5917.10986328125,0.014145410433688917,2.19506213354446e-05
2024-11-21,115.30043029785156,5948.7099609375,0.013292314214968935,0.005326251844288491
2024-11-22,115.16803741455078,5969.33984375,-0.0011489024869897077,0.0034619595915364653
2024-11-25,113.44700622558594,5987.3701171875,-0.015056434380197827,0.0030159278201245415
2024-11-26,111.55574798583984,6021.6298828125,-0.016811374499062528,0.005705697155263866
2024-11-27,111.26261138916016,5998.740234375,-0.002631172463696187,-0.003808481083577712
2024-11-29,111.54629516601562,6032.3798828125,0.002546432586854841,0.005592120396801623
2024-12-02,111.44226837158203,6047.14990234375,-0.0009330236522432461,0.0024454638805813736
2024-12-03,111.27205657958984,6049.8798828125,-0.0015285215728214412,0.0004513472420221813
2024-12-04,108.06636810302734,6086.490234375,-0.02923260492780627,0.00603318162813612
2024-12-05,108.53919219970703,6075.10986328125,0.004365768330399767,-0.0018715258393823342
2024-12-06,107.39498138427734,6090.27001953125,-0.010597873469931853,0.0024923453675383123
2024-12-09,106.76140594482422,6052.85009765625,-0.005916959058112072,-0.006163167285227462
2024-12-10,106.54391479492188,6034.91015625,-0.0020392480086141966,-0.002968284314279252
2024-12-11,105.8346939086914,6084.18994140625,-0.006678860238508274,0.008132626411368235
2024-12-12,105.74012756347656,6051.25,-0.0008939282174904667,-0.005428731461463251
2024-12-13,104.81340789794922,6051.08984375,-0.00880275553355575,-2.646698937187397e-05
2024-12-16,102.5722885131836,6074.080078125,-0.02161389787007697,0.0037921550087844295
2024-12-17,102.13729095458984,6050.60986328125,-0.004249905788067441,-0.0038714794806554956
2024-12-18,100.63373565673828,5872.16015625,-0.014830352052345723,-0.02993650530451818
2024-12-19,99.77322387695312,5867.080078125,-0.008587696457623131,-0.0008654867505367934
2024-12-20,100.11363983154297,5930.85009765625,0.003406089598724343,0.010810479402397299
2024-12-23,100.520263671875,5974.06982421875,0.0040533966589708665,0.007260849585616372
2024-12-24,100.61482238769531,6040.0400390625,0.0009402508994249585,0.010982233165126825
2024-12-26,100.69993591308594,6037.58984375,0.0008455766599565816,-0.0004057410882578191
2024-12-27,100.69048309326172,5970.83984375,-9.387556645247846e-05,-0.01111730496491221
2024-12-30,100.00962829589844,5906.93994140625,-0.0067848234314515496,-0.010759673941729728
2024-12-31,101.7212142944336,5881.6298828125,0.01696941378781496,-0.0042940064589823065
2025-01-02,101.47534942626953,5868.5498046875,-0.002419971909460704,-0.002226363149448992
2025-01-03,101.99545288085938,5942.47021484375,0.005112326500629824,0.01251735670782609
2025-01-06,101.88196563720703,5975.3798828125,-0.001113289114593583,0.005522766496818171
2025-01-07,102.83705139160156,5909.02978515625,0.009330766605354958,-0.011166021516637011
2025-01-08,101.11602020263672,5918.25,-0.016877137731173195,0.0015591440938312422
2025-01-10,100.7472152709961,5827.0400390625,-0.0036540119960539338,-0.015531637650233373
2025-01-13,103.34770202636719,5836.22021484375,0.025484490557649304,0.0015742043780551176
2025-01-14,103.75432586669922,5842.91015625,0.003926802329969528,0.001145623334164268
2025-01-15,105.44699096679688,5949.91015625,0.016182518009830733,0.018147132504516373
2025-01-16,105.2673110961914,5937.33984375,-0.0017054363410211862,-0.0021149243408667613
2025-01-17,106.21294403076172,5996.66015625,0.008943049898358526,0.009941478308394033
2025-01-21,105.40916442871094,6049.240234375,-0.007596403543057841,0.00873000944059605
2025-01-22,103.57464599609375,6086.3701171875,-0.017557011259684997,0.006119181086994129
2025-01-23,104.16093444824219,6118.7099609375,0.005644579590572635,0.005299419459529372
2025-01-24,102.75194549560547,6101.240234375,-0.013619362236410887,-0.002859215984467759
2025-01-27,104.17984771728516,6012.27978515625,0.01380092312812246,-0.014688059032112328
2025-01-28,102.16565704345703,6067.7001953125,-0.019523126049194855,0.009175644177716802
2025-01-29,102.76140594482422,6039.31005859375,0.005814269438007833,-0.004689876056919602
2025-01-30,103.61247253417969,6071.169921875,0.008247859857668856,0.005261548152180238
2025-01-31,101.02145385742188,6040.52978515625,-0.02532480512106951,-0.005059603990267195
2025-02-03,101.26731872558594,5994.56982421875,0.0024308317865734965,-0.007637690729495203
2025-02-04,103.98126220703125,6037.8798828125,0.02644697132137317,0.007198907403029113
2025-02-05,103.90560913085938,6061.47998046875,-0.0007278293143253717,0.003901053915613614
2025-02-06,102.5344467163086,6083.56982421875,-0.013284074861994575,0.003637674355266266
2025-02-07,102.96943664550781,6025.990234375,0.00423340495303809,-0.0095098456936602
2025-02-10,104.93634796142578,6066.43994140625,0.018921743847738818,0.006690112295455172
2025-02-11,105.59828186035156,6068.5,0.006288144431144976,0.00033952514367385523
2025-02-12,102.42117309570312,6051.97021484375,-0.030548641133506086,-0.0027275831896475754
2025-02-13,103.16535949707031,6115.06982421875,0.0072396731672145,0.010372313214235747
2025-02-14,103.27031707763672,6114.6298828125,0.00101685514201528,-7.19463955744955e-05
2025-02-18,105.08307647705078,6129.580078125,0.01740125380985032,0.002442003655551809
2025-02-19,105.23573303222656,6144.14990234375,0.0014516683727932628,0.0023741488668242434
2025-02-20,106.85768127441406,6117.52001953125,0.015294957334428668,-0.004343604884290259
2025-02-21,105.60784149169922,6013.1298828125,-0.01176524250531065,-0.017211396672539132
2025-02-24,106.16119384765625,5983.25,0.0052260106342951265,-0.004981493566252351
2025-02-25,104.6919174194336,5955.25,-0.013936718325272105,-0.004690715138395557
2025-02-26,104.43429565429688,5956.06005859375,-0.0024637934352641205,0.00013601502958346571
2025-02-27,105.09262084960938,5861.56982421875,0.006283940723412423,-0.015991742678524653
2025-02-28,106.21845245361328,5954.5,0.010655780969351804,0.015729780420663385
2025-03-03,102.81236267089844,5849.72021484375,-0.03259224039697012,-0.017753402648308866
2025-03-04,102.60245513916016,5778.14990234375,-0.0020437435530646563,-0.012310288231505477
2025-03-05,100.59886932373047,5842.6298828125,-0.01972084340620795,0.011097472528735688
2025-03-06,102.67878723144531,5738.52001953125,0.020464526510633043,-0.017979677107455568
2025-03-07,104.0145034790039,5770.2001953125,0.0129248011607235,0.005505435045454467
2025-03-10,106.6668701171875,5614.56005859375,0.025180268525377716,-0.027343541788428148
2025-03-11,104.1480712890625,5572.06982421875,-0.023896965524940587,-0.007596646918536578
2025-03-12,104.11944580078125,5599.2998046875,-0.0002748915324050715,0.004874967940490777
2025-03-13,103.68057250976562,5521.52001953125,-0.004224002934382245,-0.013988366806464148
2025-03-14,106.76227569580078,5638.93994140625,0.029289885825027548,0.02104290595319694
2025-03-17,108.53687286376953,5675.1201171875,0.016485317003896265,0.0063956349746060355
2025-03-18,108.42237854003906,5614.66015625,-0.001055445514475266,-0.010710667074319702
2025-03-19,110.11112213134766,5675.2900390625,0.015455545281441298,0.010740608172953766
2025-03-20,110.57861328125,5662.89013671875,0.004236643342597879,-0.002187283513782985
2025-03-21,110.19699096679688,5667.56005859375,-0.0034571092746962778,0.0008243136078323211
2025-03-24,110.48320770263672,5767.56982421875,0.002593951773214704,0.01749211712863917
2025-03-25,111.23692321777344,5776.64990234375,0.006798827109842801,0.0015730954906538206
2025-03-26,112.83979797363281,5712.2001953125,0.014306725725587872,-0.011219640357598032
2025-03-27,112.47724151611328,5693.31005859375,-0.0032181922081858053,-0.0033124610071321114
2025-03-28,112.32460021972656,5580.93994140625,-0.001358007733978605,-0.019934601126853548
2025-03-31,113.46949768066406,5611.85009765625,0.010141162090953388,0.005523240357645722
2025-04-01,113.57445526123047,5633.06982421875,0.0009245574408212043,0.0037741045552120668
2025-04-02,113.221435546875,5670.97021484375,-0.0031131075453202242,0.006705661429484109
2025-04-03,107.2679443359375,5396.52001953125,-0.05401565082903974,-0.04960591182899663
2025-04-04,99.54937744140625,5074.080078125,-0.07467608020549736,-0.061609061898230934
2025-04-07,98.21367645263672,5062.25,-0.013508299688101733,-0.0023341946059635883
2025-04-08,96.1432876586914,4982.77001953125,-0.02130581861901417,-0.015825083277054855
2025-04-09,100.94233703613281,5456.89990234375,0.04870977491398011,0.09089487983303646
2025-04-10,95.34186553955078,5268.0498046875,-0.05708041655620988,-0.03522060702411168
2025-04-11,98.40447235107422,5363.35986328125,0.03161723693406114,0.01793038083577807
2025-04-14,98.64299011230469,5405.97021484375,0.002420918034077652,0.007913319326342991
2025-04-15,98.36631774902344,5396.6298828125,-0.0028087256198433466,-0.001729275225300909
2025-04-16,99.4062728881836,5275.7001953125,0.010516773036441987,-0.022663253964902527
2025-04-17,102.01092529296875,5282.7001953125,0.025864699065377753,0.0013259586237727749
2025-04-21,100.51301574707031,5158.2001953125,-0.014792689229165653,-0.02384964833401801
2025-04-22,103.32756805419922,5287.759765625,0.027616985196172884,0.02480695212545062
2025-04-23,102.44026184082031,5375.85986328125,-0.00862439686184984,0.016523864366879457
2025-04-24,103.64239501953125,5484.77001953125,0.01166664708477372,0.020056628082583162
2025-04-25,103.5851821899414,5525.2099609375,-0.0005521739125066105,0.0073460847957005125
2025-04-28,103.64239501953125,5528.75,0.0005521739125065173,0.0006405015390019333
2025-04-29,103.38480377197266,5560.830078125,-0.00248847863460073,0.005785641545556399
2025-04-30,100.78014373779297,5569.06005859375,-0.025516636314448223,0.0014788972519335208
2025-05-01,100.92326354980469,5604.14013671875,0.0014191117339576887,0.006279345716451974
2025-05-02,101.3335189819336,5686.669921875,0.004056783556441186,0.014619191109112719
2025-05-05,98.52850341796875,5650.3798828125,-0.028071363676045024,-0.006402047029318447
2025-05-06,99.90238952636719,5606.91015625,0.013847723432359498,-0.007722985278391797
2025-05-07,99.8069839477539,5631.27978515625,-0.0009554442459197811,0.004336938106710132
2025-05-08,101.19994354248047,5663.93994140625,0.013860038667198099,0.005783021147465641
2025-05-09,102.38301849365234,5659.91015625,0.011622664857751387,-0.0007117341348763632
2025-05-12,104.1480712890625,5844.18994140625,0.017092785117202466,0.03203997667702081
2025-05-13,104.43429565429688,5886.5498046875,0.0027444749916849267,0.007222059020245977
2025-05-14,103.49929809570312,5892.580078125,-0.00899329294082044,0.001023891242276054
2025-05-15,104.54883575439453,5916.93017578125,0.010089459036090228,0.004123817438757677
2025-05-16,104.17330932617188,5958.3798828125,-0.0035983420280840967,0.006980849368100189
2025-05-19,102.51717376708984,5963.60009765625,-0.016025614515482775,0.0008757295660482738
2025-05-20,101.05359649658203,5940.4599609375,-0.014379299017032008,-0.0038877770695725784
2025-05-21,99.8115005493164,5844.60986328125,-0.012367621830532785,-0.016266719267758897
2025-05-22,99.1471176147461,5842.009765625,-0.00667862905578442,-0.0004449700224211693
2025-05-23,99.20487213134766,5802.81982421875,0.0005823437244834343,-0.006730899591473139
2025-05-27,99.67668914794922,5921.5400390625,0.004744712367568119,0.02025258080218437
2025-05-28,98.31904602050781,5888.5498046875,-0.013714077270914473,-0.005586802576444734
2025-05-29,98.87751770019531,5912.169921875,0.005664126820862884,0.0040031708706317415
2025-05-30,98.50199127197266,5911.68994140625,-0.003805125296757731,-8.118845699520562e-05
2025-06-02,99.22413635253906,5935.93994140625,0.007304530768365437,0.004093651490626028
2025-06-03,99.94629669189453,5970.3701171875,0.007251713951940916,0.005783533535368979
2025-06-04,98.50199127197266,5970.81005859375,-0.014556244720306456,7.368474471916267e-05
2025-06-05,98.0494384765625,5939.2998046875,-0.004604938215962781,-0.005291357978698112
2025-06-06,100.39884185791016,6000.35986328125,0.0236788461944637,0.010228196215376713
2025-06-09,101.07286071777344,6005.8798828125,0.006690978096188101,0.0009195251863913659
2025-06-10,103.23931884765625,6038.81005859375,0.021208127065003465,0.005468012541646841
2025-06-11,105.25172424316406,6022.240234375,0.01930507771364544,-0.002747660318287345
2025-06-12,105.65614318847656,6045.259765625,0.0038350341872285935,0.0038151330716763875
2025-06-13,107.95741271972656,5976.97021484375,0.02154693371443223,-0.01136066859010289
2025-06-16,108.30404663085938,6033.10986328125,0.003205695633626398,0.0093488231481891
2025-06-17,109.76760864257812,5982.72021484375,0.01342296397675985,-0.008387259723643134
2025-06-18,108.98768615722656,5980.8701171875,-0.0071305774853849145,-0.00030928803472058796
2025-06-20,110.44161987304688,5967.83984375,0.013252149590383466,-0.002181035215587759
2025-06-23,107.59151458740234,6025.169921875,-0.026145270497059964,0.009560655071259439
2025-06-24,104.31773376464844,6092.18017578125,-0.03090040984558558,0.011060328616958607
2025-06-25,104.34663391113281,6092.16015625,0.00027700126275582364,-3.286108349665331e-06
2025-06-26,105.90647888183594,6141.02001953125,0.014838054655697649,0.007988131032516797
2025-06-27,105.31912994384766,6173.06982421875,-0.005561356457490711,0.005205399256150098
2025-06-30,103.79779815673828,6204.9501953125,-0.014550315377544417,0.005151137506128882
2025-07-01,105.18431854248047,6198.009765625,0.013269467764194421,-0.0011191571098791433
2025-07-02,106.92713165283203,6227.419921875,0.016433363968976038,0.0047338743064907745
2025-07-03,108.03443908691406,6279.35009765625,0.01030246684990551,0.00830437821066394
2025-07-07,106.98490142822266,6229.97998046875,-0.009762340369286197,-0.007893368104244017
2025-07-08,109.95055389404297,6225.52001953125,0.0273430383205679,-0.0007161432504695748
2025-07-09,109.57504272460938,6263.259765625,-0.0034211184615160414,0.00604380277677969
2025-07-10,110.66307830810547,6280.4599609375,0.009880618579106788,0.0027424410729257912
2025-07-11,111.14451599121094,6259.75,0.0043410455865668576,-0.0033029717732258423
2025-07-14,109.6905746459961,6268.56005859375,-0.01316785615451554,0.0014064243309367943
2025-07-15,108.71808624267578,6243.759765625,-0.00890527716440772,-0.003964145065672561
2025-07-16,108.0633316040039,6263.7001953125,-0.006040708066056414,0.0031885685253844154
2025-07-17,107.51448822021484,6297.35986328125,-0.00509184636947659,0.005359380240011013
2025-07-18,103.76890563964844,6296.7900390625,-0.03545924708506878,-9.049030280841674e-05
2025-07-21,104.03851318359375,6305.60009765625,0.002594784120241493,0.001398157005673256
2025-07-22,104.51032257080078,6309.6201171875,0.004524697445006019,0.0006373284966667569
2025-07-23,105.84871673583984,6358.91015625,0.012725026977726936,0.007781532145702873
2025-07-24,106.6767807006836,6363.35009765625,0.007792647613589537,0.0006979799969332514
2025-07-25,106.30126953125,6388.64013671875,-0.003526293513721941,0.003966451001680552
2025-07-28,107.30265808105469,6389.77001953125,0.009376193567638426,0.00017684247126657597
2025-07-29,108.6891860961914,6370.85986328125,0.0128388834891833,-0.002963830197466829
2025-07-30,107.74557495117188,6362.89990234375,-0.00871964484061675,-0.0012502139385094711
2025-07-31,107.49522399902344,6339.39013671875,-0.002326241737303122,-0.003701662046374567
2025-08-01,105.56947326660156,6238.009765625,-0.01807716809866788,-0.0161213871855698
2025-08-04,103.38375854492188,6329.93994140625,-0.020921374862766236,0.014629564491414495
2025-08-05,103.25859069824219,6299.18994140625,-0.0012114444347552066,-0.004869703780462017
2025-08-06,102.55567932128906,6345.06005859375,-0.0068305672861437156,0.007255522219852605
2025-08-07,102.01647186279297,6340.0,-0.005271574885112566,-0.0007977981718278668
2025-08-08,102.83492279052734,6389.4501953125,0.007990722094595922,0.0077694548163894745
2025-08-11,101.90092468261719,6373.4501953125,-0.0091239965920133,-0.0025072683938851073
2025-08-12,102.18978881835938,6445.759765625,0.0028307444633688538,0.011281559075170764
2025-08-13,103.60521697998047,6466.580078125,0.013755926443919283,0.0032248733840464015
2025-08-14,103.39337921142578,6468.5400390625,-0.002046756320140104,0.00030304487855445177
2025-08-15,103.49057006835938,6449.7998046875,0.0009395689169881443,-0.0029013399163647113
2025-08-18,103.7140884399414,6449.14990234375,0.0021574655694644664,-0.00010076825773579619
2025-08-19,104.39437866210938,6411.3701171875,0.006537866092771866,-0.005875329112207127
2025-08-20,105.47310638427734,6395.77978515625,0.01028017486451165,-0.002434630632264957
2025-08-21,106.15339660644531,6370.169921875,0.006429181183198542,-0.004012219728951123
2025-08-22,108.14564514160156,6466.91015625,0.018593698937623707,0.015072285158779139
2025-08-25,108.59268951416016,6439.31982421875,0.004125204774931322,-0.004275512539646319
2025-08-26,108.3497314453125,6465.93994140625,-0.002239840132210994,0.00412547371011636
2025-08-27,109.57424926757812,6481.39990234375,0.011238145575957719,0.0023881304533030262
2025-08-28,110.15734100341797,6501.85986328125,0.005307321571871735,0.003151747441466755
2025-08-29,111.07086944580078,6460.259765625,0.008258744514823677,-0.006418740402792551
2025-09-02,111.45960235595703,6415.5400390625,0.003493753483961279,-0.006946350061030363
2025-09-03,108.7579116821289,6448.259765625,-0.02453779611828879,0.005087112302941308
2025-09-04,109.23410034179688,6502.080078125,0.0043688703330497436,0.008311847102873571
2025-09-05,106.15339660644531,6481.5,-0.028608102941719216,-0.00317017266993674
2025-09-08,106.75592803955078,6495.14990234375,0.00565999673938741,0.0021037644508885675
2025-09-09,107.53339385986328,6512.60986328125,0.007256257332482772,0.0026845470300734414
2025-09-10,109.33129119873047,6532.0400390625,0.016581201595407685,0.0029790282293981275
2025-09-11,108.9814224243164,6587.47021484375,-0.003205210252168986,0.008450087623093565
2025-09-12,109.00086975097656,6584.2900390625,0.00017843033503016467,-0.00048287788142832935
2025-09-15,109.18550872802734,6615.27978515625,0.0016924889849958206,0.004695577726559718
2025-09-16,111.44988250732422,6606.759765625,0.020526655063545163,-0.0012887604333313247
2025-09-17,112.0427017211914,6600.35009765625,0.005305058387096212,-0.0009706390782443865
2025-09-18,110.72101593017578,6631.9599609375,-0.011866396502499927,0.004777687836708263
2025-09-19,109.64227294921875,6664.35986328125,-0.009790665255807057,0.004873523937481177
2025-09-22,108.86480712890625,6693.75,-0.007116191392509368,0.004400350714762291
2025-09-23,110.74044036865234,6656.919921875,0.017082277137741617,-0.005517351828739721
2025-09-24,111.33325958251953,6637.97021484375,0.005338953889283416,-0.0028506771652953692
2025-09-25,112.33424377441406,6604.72021484375,0.008950704592238498,-0.005021648742526333
2025-09-26,113.91835021972656,6643.7001953125,0.014003219171116039,0.005884489130413512
2025-09-29,111.00284576416016,6661.2099609375,-0.025926127140611512,0.002632077259912619
2025-09-30,109.57424926757812,6688.4599609375,-0.012953443528426336,0.004082503613507919
2025-10-01,108.83564758300781,6711.2001953125,-0.006763470985532165,0.0033941541712235066
2025-10-02,108.15536499023438,6715.35009765625,-0.0062701658790321555,0.0006181636213842448
2025-10-03,110.06987762451172,6715.7900390625,0.017546657132086203,6.55106568658717e-05
2025-10-06,110.98339080810547,6740.27978515625,0.008265142519135018,0.003639959282762629
2025-10-07,111.04170989990234,6714.58984375,0.0005253378374979844,-0.003818687706853079
2025-10-08,110.8084716796875,6753.72021484375,-0.002102665001100252,0.005810748494187323
2025-10-09,109.72974395751953,6735.10986328125,-0.009782760979614002,-0.0027593739802789824
2025-10-10,107.61114501953125,6552.509765625,-0.019496249001409942,-0.027485975439899807
2025-10-13,109.07860565185547,6654.72021484375,0.013544554480489295,0.015478263036934031
2025-10-14,109.127197265625,6644.31005859375,0.0004453741735833863,-0.00156555149694257
2025-10-15,108.46635437011719,6671.06005859375,-0.00607412234740583,0.004017918503427979
2025-10-16,107.52367401123047,6629.06982421875,-0.00872898023652984,-0.006314280275141975
2025-10-17,109.07860565185547,6664.009765625,0.014357728410352304,0.0052568739445263
2025-10-20,109.52565002441406,6735.1298828125,0.004089993530611292,0.010615724136144117
2025-10-21,109.5353775024414,6735.35009765625,8.881066745247815e-05,3.269591641698797e-05
2025-10-22,111.47904205322266,6699.39990234375,0.017589030293753263,-0.005351834774743029
2025-10-23,112.71327209472656,6738.43994140625,0.011010569343108305,0.0058104798620133855
2025-10-24,112.139892578125,6791.68994140625,-0.0051000461590821914,0.007871361975244856
2025-10-27,112.67439270019531,6875.16015625,0.004755045957298588,0.012215141327379352
2025-10-28,111.79002380371094,6890.89013671875,-0.007879854511297146,0.0022853305022299255
2025-10-29,113.17002868652344,6890.58984375,0.01226904224491996,-4.3579204733175357e-05
2025-10-30,111.45960235595703,6822.33984375,-0.015229151918627937,-0.009954191424534511
2025-10-31,111.13890075683594,6840.2001953125,-0.0028814373549387994,0.0026145009178832708
2025-11-03,110.55579376220703,6851.97021484375,-0.005260462732865927,0.0017192339969181521
2025-11-04,110.92510223388672,6771.5498046875,0.003334904460210081,-0.011806250392326717
2025-11-05,110.4780502319336,6796.2900390625,-0.004038358122097399,0.0036468976756877185
2025-11-06,111.27495574951172,6720.31982421875,0.007187356442811212,-0.011241134514722728
2025-11-07,113.91835021972656,6728.7998046875,0.02347774840526205,0.0012610463474931072
2025-11-10,114.89017486572266,6832.43017578125,0.008494705252202247,0.015283626703501816
2025-11-11,116.40623474121094,6846.60986328125,0.013109426040241309,0.0020731999523923177
2025-11-12,114.79299926757812,6850.919921875,-0.013955596895458671,0.0006293191259445972
2025-11-13,115.44412231445312,6737.490234375,0.005656123376451806,-0.01669545163092778
2025-11-14,116.94403076171875,6734.10986328125,0.012908827371873769,-0.0005018514712717733
2025-11-17,115.36568450927734,6672.41015625,-0.013588502202634023,-0.009204497894305158
2025-11-18,116.68914794921875,6617.31982421875,0.011406595377370278,-0.008290709844169318
2025-11-19,115.04218292236328,6642.16015625,-0.014214674833128197,0.00374680773726533
2025-11-20,114.71866607666016,6538.759765625,-0.0028161199866520476,-0.01568972611631523
2025-11-21,114.77749633789062,6602.990234375,0.0005126905992687743,0.009775103041592069
2025-11-24,113.68932342529297,6705.1201171875,-0.009525944664021,0.015348818899081837
2025-11-25,112.2580337524414,6765.8798828125,-0.01266940083578829,0.009020886000832944
2025-11-26,112.5129165649414,6812.60986328125,0.0022679347254601985,0.006882969436149685
2025-11-28,113.64030456542969,6849.08984375,0.009970208107961625,0.005340487341137372
2025-12-01,114.33634185791016,6812.6298828125,0.006106234705255038,-0.005337548746055966
2025-12-02,113.11091613769531,6829.3701171875,-0.010775575738444655,0.002454221195936617
2025-12-03,115.48333740234375,6849.72021484375,0.020757358600667155,0.0029753605210852863
2025-12-04,114.83631134033203,6857.1201171875,-0.00561851989302896,0.001079738711974404
2025-12-05,114.24811553955078,6870.39990234375,-0.00513519929194216,0.0019347688846794776
2025-12-08,113.69912719726562,6846.509765625,-0.0048168110931915906,-0.0034833153316476935
2025-12-09,115.92448425292969,6840.509765625,0.019383256933974746,-0.0008767431610132386
2025-12-10,117.1891098022461,6886.68017578125,0.010849971753841585,0.006726880659139976
2025-12-11,117.1891098022461,6901.0,0.0,0.00207719198371703
2025-12-12,116.48326873779297,6827.41015625,-0.006041306342162618,-0.010720913458554537
2025-12-15,115.44412231445312,6816.509765625,-0.0089610232946794,-0.0015978388918367072
2025-12-16,112.42469024658203,6800.259765625,-0.026503045960243252,-0.00238676400843967
2025-12-17,115.10101318359375,6721.43017578125,0.023526540874286198,-0.01165985661137129
2025-12-18,114.24811553955078,6774.759765625,-0.007437582871825461,0.007902951520479156
2025-12-19,114.3951644897461,6834.5,0.0012862741511656824,0.008779407421828872
2025-12-22,115.82644653320312,6878.490234375,0.012434110573555309,0.006415870575561936
2025-12-23,117.07147216796875,6909.7900390625,0.010691701341515824,0.004540067046788208
2025-12-24,116.87540435791016,6932.0498046875,-0.001676174171466245,0.003216304344700708
2025-12-26,116.76757049560547,6929.93994140625,-0.0009230653738161743,-0.00030440987710828846
2025-12-29,118.1596450805664,6905.740234375,0.011851252523767371,-0.003498162923937312
2025-12-30,118.61060333251953,6896.240234375,0.0038092522204480725,-0.0013766142506534472
2025-12-31,117.97337341308594,6845.5,-0.005386936758645768,-0.007384867434248815
2026-01-02,120.23795318603516,6858.47021484375,0.019013772600820752,0.0018929140261155547
2026-01-05,122.8946533203125,6902.0498046875,0.021854788753477423,0.006334024511051582
2026-01-06,118.66941833496094,6944.81982421875,-0.0349858811847016,0.0061775920038938375
2026-01-07,116.15975952148438,6920.93017578125,-0.021375149291853298,-0.0034458535710101927
2026-01-08,120.49283599853516,6921.4599609375,0.03662381802984999,7.654532942294603e-05
2026-01-09,122.1594009399414,6966.27978515625,0.013736458132306187,0.006454611138321038
2026-01-12,121.59080505371094,6977.27001953125,-0.004665406662950643,0.0015763900591805138
2026-01-13,124.05145263671875,6963.740234375,0.02003506982129124,-0.0019410055882070072
2026-01-14,127.63946533203125,6926.60009765625,0.028513192366868577,-0.005347633584135448
2026-01-15,126.59052276611328,6944.47021484375,-0.008251965285953986,0.002576603920444464
2026-01-16,127.3355712890625,6940.009765625,0.005868248111971284,-0.0006425086684515026
2026-01-20,127.89437103271484,6796.85986328125,0.0043788015734605185,-0.020842460953261224
2026-01-21,130.982421875,6875.6201171875,0.023858433111315268,0.01152111763356032
2026-01-22,131.01182556152344,6913.35009765625,0.000224460551593006,0.0054725007079021405
2026-01-23,132.315673828125,6915.60986328125,0.00990294538264698,0.0003268164274822459
2026-01-26,132.188232421875,6950.22998046875,-0.0009636259661974453,0.00499359426016032
2026-01-27,134.1390838623047,6978.60009765625,0.014650290929928285,0.004073587840441241
2026-01-28,134.8743438720703,6978.02978515625,0.005466357919900089,-8.172639170147053e-05
2026-01-29,137.74671936035156,6969.009765625,0.02107307299838929,-0.0012934674424623016
2026-01-30,138.61920166015625,6939.02978515625,0.006313985422968198,-0.0043111794144580756
2026-02-02,135.67819213867188,6976.43994140625,-0.02144476977140008,0.005376785277364613
2026-02-03,140.90338134765625,6917.81005859375,0.03778856932056549,-0.008439495590663714
2026-02-04,144.68746948242188,6882.72021484375,0.026501616534164562,-0.005085300155013826
2026-02-05,143.20718383789062,6798.39990234375,-0.010283613625937767,-0.01232667785383289
2026-02-06,146.1187744140625,6932.2998046875,0.020127394627570558,0.019504344282200718
2026-02-09,148.2362823486328,6964.81982421875,0.014387688703095862,0.004680117860123293
2026-02-10,148.6088104248047,6941.81005859375,0.0025099169958224562,-0.0033091822845107053
2026-02-11,152.500732421875,6941.47021484375,0.02585197874187072,-4.89572699497733e-05
2026-02-12,147.9611358642578,6832.759765625,-0.03021975503422142,-0.01578494138611745
2026-02-13,146.50057983398438,6836.169921875,-0.009920257407659444,0.0004989646444475858
2026-02-17,144.270263671875,6843.22021484375,-0.015341014776549587,0.0010307906306565179
2026-02-18,148.7012939453125,6881.31005859375,0.030251183561317365,0.005550636821134019
2026-02-19,148.98748779296875,6861.89013671875,0.0019227727303524928,-0.0028261153915347848
2026-02-20,145.345947265625,6909.509765625,-0.024745583848846776,0.006915755702175204
2026-02-23,148.78024291992188,6837.75,0.023353593480955195,-0.01043995947145646
2026-02-24,147.29994201660156,6890.06982421875,-0.009999407680704344,0.007622488962383376
2026-02-25,147.10256958007812,6946.1298828125,-0.0013408341187258915,0.0081034339701294
2026-02-26,146.5894012451172,6908.85986328125,-0.0034946059694097227,-0.005380026995566101
2026-02-27,150.4973907470703,6878.8798828125,0.02631025707103611,-0.004348795128037643
2026-03-02,152.19480895996094,6881.6201171875,0.011215591334103603,0.0003982754131349892
2026-03-03,149.83619689941406,6816.6298828125,-0.015618661407300725,-0.009488908731312503
2026-03-04,147.85260009765625,6869.5,-0.01332684454171201,0.00772612574014956
2026-03-05,148.78024291992188,6830.7099609375,0.006254505312713146,-0.005662707772703004
2026-03-06,149.22434997558594,6740.02001953125,0.0029805405354474024,-0.013365720432496335
2026-03-09,148.46446228027344,6795.990234375,-0.005105259683822157,0.008269871665388671
2026-03-10,146.18479919433594,6781.47998046875,-0.015474049128115664,-0.002137402505887721
2026-03-11,149.5894775390625,6775.7998046875,0.023023156529676854,-0.0008379521856348736
2026-03-12,151.5138702392578,6672.6201171875,0.012782447732242378,-0.015344808189494536
2026-03-13,154.06985473632812,6632.18994140625,0.016728928258104004,-0.006077546398501344
2026-03-16,155.165283203125,6699.3798828125,0.007084790273900513,0.010079909746818997
2026-03-17,156.7245330810547,6716.08984375,0.009998805906078803,0.002491149384952951
2026-03-18,155.5205535888672,6624.7001953125,-0.007711797626195472,-0.013700999383730839
2026-03-19,156.0830841064453,6606.490234375,0.0036105555945332795,-0.002752582623899739
2026-03-20,157.5732421875,6506.47998046875,0.009501924035237965,-0.015253934307770224
2026-03-23,159.0140838623047,6581.0,0.009102396113035673,0.0113881090950741
2026-03-24,163.20826721191406,6556.3701171875,0.02603432213493709,-0.0037495954593205535
2026-03-25,161.11610412597656,6591.89990234375,-0.012901849457798648,0.005404493759949214
2026-03-26,163.25759887695312,6477.16015625,0.013204065833467744,-0.017559440961209507
2026-03-27,168.74459838867188,6368.85009765625,0.033057005133307144,-0.01686323194605131
2026-03-30,169.21829223632812,6343.72021484375,0.0028032317807141173,-0.003953553833355896
2026-03-31,167.4320526123047,6528.52001953125,-0.010611938553918484,0.028714893309798716
2026-04-01,158.66867065429688,6575.31982421875,-0.053759417260816955,0.0071429450037592815
2026-04-02,158.57984924316406,6582.68994140625,-0.0005599484812871548,0.0011202481362370179
2026-04-06,161.2246551513672,6611.830078125,0.01654051878996128,0.004417013131605809
2026-04-07,161.757568359375,6616.85009765625,0.003299956795275902,0.0007589600331270599
2026-04-08,154.16854858398438,6782.81005859375,-0.04805224752052528,0.024772038357183543
2026-04-09,153.0040283203125,6824.66015625,-0.007582225304347365,0.006151066869514015
2026-04-10,150.50726318359375,6816.89013671875,-0.016452906556226138,-0.0011391696991393636
2026-04-13,150.63555908203125,6886.240234375,0.0008520601967813641,0.010121875493741075
2026-04-14,147.28021240234375,6967.3798828125,-0.022526424486621947,0.011713988916143619
2026-04-15,147.05322265625,7022.9501953125,-0.001542398953412698,0.00794414491156507
2026-04-16,149.98422241210938,7041.27978515625,0.01973552450748033,0.002606555815286028
2026-04-17,144.51698303222656,7126.06005859375,-0.03713307436356223,0.011968553928737802
2026-04-20,145.7406768798828,7109.14013671875,0.008431826384636071,-0.0023771959102520377
2026-04-21,146.41177368164062,7064.009765625,0.004594162950429336,-0.00636845358085314
2026-04-22,147.5367889404297,7137.89990234375,0.007654541609753146,0.010405756011537825
2026-04-23,148.5532684326172,7108.39990234375,0.006866042679638412,-0.004141432170939999
2026-04-24,146.9545440673828,7165.080078125,-0.010820288977945588,0.007942067917632457
2026-04-27,146.24398803710938,7173.91015625,-0.0048469370992542775,0.0012316180005498539
2026-04-28,148.58287048339844,7138.7998046875,0.015866475155330736,-0.0049061878687959495
2026-04-29,152.63890075683594,7135.9501953125,0.02693215314960585,-0.00039925174351248426
2026-04-30,152.30337524414062,7209.009765625,-0.0022005846647172576,0.010186184168105012
2026-05-01,150.74412536621094,7230.1201171875,-0.01029055599908259,0.00292404968652147
2026-05-04,151.67176818847656,7200.75,0.006134900655087019,-0.004070462487840939
2026-05-05,152.84616088867188,7259.22021484375,0.0077131650414521006,0.008087227380575185
2026-05-06,146.73744201660156,7365.1201171875,-0.040787050112090106,0.014482944327746904
2026-05-07,144.65513610839844,7337.10986328125,-0.014292343118138612,-0.0038103454826786936
2026-05-08,142.67153930664062,7398.93017578125,-0.013807477586949649,0.008390405429031966
2026-05-11,147.71441650390625,7412.83984375,0.03473573108667112,0.0018781917406753333
2026-05-12,148.65196228027344,7400.9599609375,0.00632695859590695,-0.0016038944114079717
2026-05-13,149.57962036132812,7444.25,0.0062210786977956465,0.005832206062995343
2026-05-14,150.77371215820312,7501.240234375,0.007951289090242886,0.007626449143738461
2026-05-15,156.90402221679688,7408.5,0.03985417713446272,-0.012440381787730354
2026-05-18,159.45748901367188,7403.0498046875,0.016143065186291883,-0.0007359385925655567
2026-05-19,161.50424194335938,7353.60986328125,0.012754048080590084,-0.006700720556670582
2026-05-20,155.27456665039062,7432.97021484375,-0.03933646063186926,0.010734208066325955
2026-05-21,154.2909393310547,7445.72021484375,-0.006354911064928585,0.0017138609316666425
2026-05-22,153.92332458496094,7473.47021484375,-0.002385450405475139,0.003720045284340991
2026-05-26,148.84619140625,7519.1201171875,-0.033541085774604566,0.006089680623147164
2026-05-27,146.948486328125,7520.35986328125,-0.012831408123357495,0.00016486555361860245
2026-05-28,146.01454162597656,7563.6298828125,-0.0063758752941977,0.0057372272122164095
2026-05-29,144.32546997070312,7580.06005859375,-0.01163525964872555,0.0021699047314878454
2026-06-01,148.41897583007812,7599.9599609375,0.02796823475583141,0.0026218560604907887
2026-06-02,148.59780883789062,7609.77978515625,0.0012041947704920087,0.0012912549125880068
2026-06-03,151.5487060546875,7553.68017578125,0.01966367858796983,-0.007399348892067432
2026-06-04,151.0618438720703,7584.31005859375,-0.003217750358092361,0.0040467623691873905
2026-06-05,148.9554901123047,7383.740234375,-0.014041777793923061,-0.026801330315360895
2026-06-08,150.77371215820312,7405.72998046875,0.012132580579535828,0.0029737052076611974
2026-06-09,147.95199584960938,7386.64990234375,-0.01889224903657332,-0.0025797185926219454
2026-06-10,149.65098571777344,7266.990234375,0.011417952315082627,-0.016332095868206012
2026-06-11,145.6568603515625,7394.2998046875,-0.027052237177705354,0.01736719891346488
2026-06-12,146.064208984375,7431.4599609375,0.002792728673960509,0.005012928127161434
2026-06-15,140.01339721679688,7554.2900390625,-0.04230820015776346,0.01639328413858115
2026-06-16,140.9473419189453,7511.35009765625,0.006648246619687039,-0.005700396039273383
2026-06-17,139.8345489501953,7420.10009765625,-0.007926428528117107,-0.012222675603360274
2026-06-18,136.92340087890625,7500.580078125,-0.02103827873681332,0.010787813962926182
2026-06-22,137.57916259765625,7472.7900390625,0.004777827630473351,-0.003711932684976348
2026-06-23,138.83103942871094,7365.4599609375,0.009058170658107195,-0.014466928386098657
2026-06-24,136.01925659179688,7358.22021484375,-0.0204611817804063,-0.000983415367731934
2026-06-25,136.66506958007812,7357.490234375,0.004736716663024112,-9.921104004703284e-05
2026-06-26,135.66156005859375,7354.02001953125,-0.007369929742229084,-0.0004717686829183932
2026-06-29,135.18466186523438,7440.43017578125,-0.003521545789472035,0.01168156135934559
2026-06-30,135.8404083251953,7499.35986328125,0.004839019055214073,0.007888998838148293
2026-07-01,135.4032440185547,7483.22998046875,-0.0032234095167794205,-0.0021531509855513085
2026-07-02,136.20802307128906,7483.240234375,0.005925979555195022,1.370250446897007e-06
2026-07-06,135.5622100830078,7537.43017578125,-0.004752648562004934,0.0072154138304445295
2026-07-07,140.7784423828125,7503.85009765625,0.03775667396263087,-0.004465063253185491
2026-07-08,140.2220458984375,7482.7099609375,-0.003960115620577193,-0.0028212145626126694
2026-07-09,136.57565307617188,7543.64013671875,-0.02634851222071297,0.008109821657156896
2026-07-10,137.9865264892578,7575.39013671875,0.010277350171071153,0.004200010992571727
2026-07-13,143.58029174804688,7515.33984375,0.039738356846040934,-0.007958609028043705
2026-07-14,144.15655517578125,7543.58984375,0.004005494634132191,0.003751931076883282
2026-07-15,143.58029174804688,7572.39990234375,-0.004005494634132259,0.003811869942054222
2026-07-16,145.0110321044922,7533.77001953125,0.009915419904719627,-0.005114462132765812
2026-07-17,146.41195678710938,7457.68994140625,0.009614447229698517,-0.010149876192112738
2026-07-20,147.40553283691406,7443.27978515625,0.006763245022457608,-0.0019341238867804414
2026-07-21,150.73397827148438,7509.2001953125,0.022329034578553206,0.008817378432212827
2026-07-22,153.4563446044922,7498.9599609375,0.017899576770836784,-0.0013646224263997142
2026-07-23,155.88064575195312,7408.2998046875,0.015674496476981395,-0.012163372131276511
2026-07-24,155.93032836914062,7411.97998046875,0.0003186713857520521,0.0004966405371888175
2026-07-27,153.7742919921875,7413.18017578125,-0.01392340356629135,0.00016191330177520104
2026-07-28,152.055419921875,7428.77978515625,-0.011240831760323618,0.0021020963754603476
2026-07-29,155.74154663085938,7316.14990234375,0.02395282180803524,-0.015277397157074194
2026-07-30,155.96014404296875,7437.6298828125,0.0014026067518219333,0.016468013977056842
2026-07-31,154.4399871826172,7489.72021484375,-0.009794899299756101,0.006979208383378553
2026-08-03,154.0624237060547,7600.5,-0.0024477193807583546,0.014682592263996739
2026-08-04,152.96951293945312,7736.52001953125,-0.007119229319118203,0.01773794201518698
2026-08-05,150.6544952392578,7723.5498046875,-0.015249535612820919,-0.0016778990048803989
2026-08-06,153.84384155273438,7709.9599609375,0.02094896796967082,-0.0017610831844068816
2026-08-07,152.055419921875,7757.64013671875,-0.01169301291707438,0.006165187424711444
2026-08-10,158.76199340820312,7753.10986328125,0.04316112480387363,-0.0005841462941922488
2026-08-11,158.7719268798828,7728.2001953125,6.256636565903327e-05,-0.003218033793131793
2026-08-12,158.7222442626953,7748.5,-0.0003129671163047036,0.0026232744800285084
2026-08-13,157.58958435058594,7798.990234375,-0.007161697102755679,0.006494991938585417
2026-08-14,159.07000732421875,7785.759765625,0.009350316860499476,-0.001697874130592273
2026-08-17,161.4600067138672,7745.06005859375,0.014913072594834752,-0.005241165715609593
2026-08-18,165.55999755859375,7691.759765625,0.025076176585077666,-0.006905632816841959
2026-08-19,164.77000427246094,7707.97998046875,-0.004783064134991212,0.002106557787261324
2026-08-20,166.14999389648438,7641.16015625,0.008340370066443491,-0.008706708745809217
2026-08-21,165.11000061035156,7674.3701171875,-0.006279035925253404,0.004336776121311056
2026-08-24,164.0500030517578,7652.85986328125,-0.006440644130658806,-0.002806804367835632
2026-08-25,160.63999938964844,7677.27978515625,-0.021005445305853195,0.003185873461008087
2026-08-26,158.19000244140625,7675.7001953125,-0.01536897505999792,-0.0002057698051235618
2026-08-27,156.44000244140625,7730.990234375,-0.01112429215053085,0.007177437188466142
2026-08-28,156.7100067138672,7711.759765625,0.0017244408844087967,-0.0024905510599212474
2026-08-31,160.9499969482422,7686.14013671875,0.026696732406165904,-0.003327681399441783
2026-09-01,164.5500030517578,7631.47021484375,0.02212075515151976,-0.007138209258204404
2026-09-02,164.14999389648438,7666.60009765625,-0.0024338871703801154,0.004592728866435999
2026-09-03,162.2100067138672,7747.7099609375,-0.01188877331305743,0.010524066479573884
2026-09-04,159.47000122070312,7718.60009765625,-0.017036009037361577,-0.003764297695404295
2026-09-08,160.66000366210938,7673.52001953125,0.007434529125192185,-0.005857569545634668
2026-09-09,164.22999572753906,7636.35986328125,0.0219775047945389,-0.004854411596777001
2026-09-10,165.22999572753906,7591.7001953125,0.006070558470877628,-0.005865460975953195
2026-09-11,165.99000549316406,7656.97998046875,0.004589161866230483,0.008562076613022605
2026-09-14,165.0800018310547,7619.97998046875,-0.005497362695166582,-0.004843905127736707
2026-09-15,169.32000732421875,7585.72998046875,0.025360242933084174,-0.00450489428124463
2026-09-16,163.32000732421875,7551.81005859375,-0.036078947612197924,-0.0044815707914813525
2026-09-17,163.27000427246094,7637.759765625,-0.00030621299104690436,0.011317058397811601
2026-09-18,163.5399932861328,7650.5,0.0016522693743226049,0.0016666693946139886
2026-09-21,158.3000030517578,7764.7001953125,-0.032565581515181345,0.014816840928280419
2026-09-22,158.7100067138672,7764.64013671875,0.0025866936569171827,-7.734854471091492e-06
2026-09-23,161.22999572753906,7706.02978515625,0.015753210654277573,-0.0075769998667705825
2026-09-24,162.13999938964844,7704.1298828125,0.005628265318732373,-0.0002465778933264507
2026-09-25,160.58999633789062,7743.41015625,-0.0096056455259061,0.005085645740297624
2026-09-28,162.52000427246094,7683.68994140625,0.011946587139051609,-0.0077422863380418394
