Date,BTC_Return,GLD_Return,SPY_Return
2023-01-04,0.010934153962035356,0.009367889939565922,0.007690653053757967
2023-01-05,-0.0015728177184386805,-0.01252963086748756,-0.011479079371144021
2023-01-06,0.006820792235553174,0.01853466381119925,0.0226732285891943
2023-01-09,0.014325077364631152,0.0022426010679794787,-0.0005672177495449635
2023-01-10,0.014418133870887372,0.003669304474491391,0.006988563965153874
2023-01-11,0.02762115049773119,-0.0006870298860052756,0.01256847285932275
2023-01-12,0.05080318049018759,0.011501603213231942,0.003634192894084502
2023-01-13,0.053649212803668606,0.011930333702592914,0.0038720490333874714
2023-01-17,0.060983683356420605,-0.006566591290624395,-0.0018336398353710117
2023-01-18,-0.02259283115330066,-0.0028758838411488395,-0.01591405605409223
2023-01-19,0.019055334102897954,0.015743931377470842,-0.007306369938931139
2023-01-20,0.0726845526110478,-0.0033409804213138158,0.018457631269209702
2023-01-23,0.011307874962590485,0.0018946378029897782,0.011927216400206771
2023-01-24,-0.013077079200906103,0.0036119840879409123,-0.001073846907466928
2023-01-25,0.021043184701323544,0.0045933937952083075,0.0003747268826054936
2023-01-26,-0.003687148593844675,-0.00909651500360829,0.010930400474961676
2023-01-27,0.001993046474165044,-0.0013939615756237058,0.0022950946890261596
2023-01-30,-0.010391893594001021,-0.002570014931290955,-0.01262628796905924
2023-01-31,0.013012288539514132,0.0036296165072691286,0.014596288710571594
2023-02-01,0.024945734590003956,0.012518134528387544,0.010571831014813292
2023-02-02,-0.010674749877368259,-0.0209702840085377,0.014451976057865561
2023-02-03,-0.000961136247671562,-0.025274496401227434,-0.010685925145029548
2023-02-06,-0.02983217839542564,0.002073259184240806,-0.006130246603187914
2023-02-07,0.02191019571493288,0.0009200023760844002,0.012994056563093312
2023-02-08,-0.014063722484005989,0.002468544755507998,-0.010995053643739653
2023-02-09,-0.05007294792111713,-0.007943887464013586,-0.008707099445508001
2023-02-10,-0.0077228177249046275,0.0019053779351280687,0.0023309261638404517
2023-02-13,0.007221409653118935,-0.005089097798950408,0.011670782546541764
2023-02-14,0.018747466050136215,0.000753454984742333,-0.0004603144390086739
2023-02-15,0.08977000786319626,-0.010014646847400324,0.003241874085935983
2023-02-16,-0.028558101481565734,-0.0008195726363130796,-0.013864267672137878
2023-02-17,0.03910624942610064,0.002982339072148569,-0.002501355102409754
2023-02-21,-0.005275232239033175,-0.0037440046605545256,-0.020264983471225503
2023-02-22,-0.010180396881003117,-0.0056423768979153,-0.0013791626712447327
2023-02-23,-0.010027916762018151,-0.0005305918526508475,0.005305493988593812
2023-02-24,-0.03179206740644356,-0.0072206822499255125,-0.010739937568571131
2023-02-27,0.01390164525901003,0.003912670406128105,0.0034002178643432438
2023-02-28,-0.016092730875103014,0.004545621851780495,-0.0037029587127409684
2023-03-01,0.021336804939163678,0.005755555600934512,-0.0038433199809762802
2023-03-02,-0.007261350209481709,-0.000585735153896139,0.007747450599166651
2023-03-03,-0.04856242572977136,0.010666001055863707,0.01591043867162437
2023-03-06,0.0029950669750121593,-0.0050565936951402655,0.0006924012291330108
2023-03-07,-0.009406138966041635,-0.017635068390636166,-0.015447348089985139
2023-03-08,-0.022837315061132093,-0.0004745630282821619,0.001630767959604518
2023-03-09,-0.06442451332853331,0.00980112770009771,-0.01862221359177805
2023-03-10,-0.00866965688311379,0.021333667247723984,-0.014534361737485114
2023-03-13,0.18119976745792632,0.022688861946558777,-0.0014264645861838323
2023-03-14,0.02241616479750579,-0.005807897981361377,0.016394951226928925
2023-03-15,-0.015069419825617957,0.007773838437142398,-0.006274126310855898
2023-03-16,0.027387721969650478,0.0020180543660701534,0.017393229232271164
2023-03-17,0.09043081735478727,0.028704276731304438,-0.011761534165357457
2023-03-20,0.012440797804941606,0.00038079522406509364,0.009569520291477096
2023-03-21,0.014607259457310753,-0.019055524569337897,0.01304494791584796
2023-03-22,-0.031304934786025286,0.016877382247649345,-0.01719320925773687
2023-03-23,0.03690243092144147,0.012460224063676011,0.002699728959746025
2023-03-24,-0.03011973318555565,-0.011316136891165252,0.006540474616576284
2023-03-27,-0.012937246316294546,-0.009299831745516749,0.0018680658556869687
2023-03-28,0.004714100093914092,0.008155744573006158,-0.002247157956406415
2023-03-29,0.03885339931269162,-0.0049731154716589265,0.014430268291936896
2023-03-30,-0.011169598741333131,0.008998964139577773,0.005838267651311994
2023-03-31,0.015746414888453637,-0.0052258772770236855,0.01399609907930842
2023-04-03,-0.024464682416771046,0.00717858251921089,0.0038034381348170053
2023-04-04,0.01350558587463783,0.018469345695108275,-0.005563606171429095
2023-04-05,0.0003512057047058866,-0.0007982432900846041,-0.0026218330681733923
2023-04-06,-0.004761257346579407,-0.007159660374899593,0.0038934108531332896
2023-04-10,0.05578292232966071,-0.007427401530065852,0.0010258106387212632
2023-04-11,0.019439489564332186,0.00630066529229023,0.0002685797987963306
2023-04-12,-0.0031803678161343176,0.0048732452945133,-0.004084250535725057
2023-04-13,0.008590133768281546,0.013425150587981827,0.013195199873218919
2023-04-14,0.002845797962018112,-0.017869017219899003,-0.002445679200807535
2023-04-17,-0.034732053566728906,-0.004463702764476622,0.003581774880152067
2023-04-18,0.03183646099781629,0.0038732698004284223,0.0006519823341302816
2023-04-19,-0.05319953662867234,-0.004789973842757965,-0.00016884341837060453
2023-04-20,-0.020211126619281063,0.003930524556986942,-0.005472110713613038
2023-04-21,-0.034910877271712444,-0.009936876904451981,0.0007767280277253832
2023-04-24,0.009066466769448266,0.0030347260178608367,0.0010424243180841776
2023-04-25,0.02802320777395386,0.005073426510561733,-0.01600103904387581
2023-04-26,0.004057925868580612,-0.005452222698836941,-0.0042446048296330054
2023-04-27,0.03631313286229464,5.4098929279614626e-05,0.019712510964912205
2023-04-28,-0.004540602889751968,0.0002706158931134578,0.0084988110954029
2023-05-01,-0.043491219949901495,-0.004501468248394752,-0.0010102924247589963
2023-05-02,0.020749270291120427,0.01911282169964554,-0.01130282675114169
2023-05-03,0.011294600825028724,0.00844333039400111,-0.006887541246701459
2023-05-04,-0.005482697825375376,0.0070083375794598906,-0.007108300130679103
2023-05-05,0.02352452363535224,-0.015771672012865213,0.018343282366475016
2023-05-08,-0.06432951314172883,0.0012261535425393925,0.0002666915790271602
2023-05-09,-0.0012826051136456092,0.007061173494320532,-0.0043949110101158
2023-05-10,-0.0013393336115541375,-0.0014294640409970906,0.004661454279843137
2023-05-11,-0.0227376278728039,-0.008619799546280105,-0.0017455579645583013
2023-05-12,-0.007278017155925187,-0.0017115440993108683,-0.001311287122688451
2023-05-15,0.014360237763413684,0.0021389727993926496,0.0034441790703103894
2023-05-16,-0.005754943306692564,-0.01257816833072297,-0.006704999546891556
2023-05-17,0.013305949198470446,-0.0034678951337034376,0.012065771871808224
2023-05-18,-0.020896322938492334,-0.0130577944134065,0.009587064304381021
2023-05-19,0.0021562704301694635,0.009850156652287684,-0.0014561019266161445
2023-05-22,-0.0014458709579600248,-0.002344243508491738,0.00040604698446853243
2023-05-23,0.013848962643426162,0.0012000108481294142,-0.011286154998440462
2023-05-24,-0.03327040018789597,-0.008101176111367243,-0.0072711164974025855
2023-05-25,0.005354526205137628,-0.00966457904681634,0.008622535983701225
2023-05-26,0.009139332662057487,0.003987606250000357,0.012867622787079697
2023-05-30,0.03613141856908236,0.006171471778321201,0.0003807990673151969
2023-05-31,-0.017577792723265092,0.001537018842589403,-0.005560658619445065
2023-06-01,-0.014792581991188054,0.007867103377943474,0.009456134580618896
2023-06-02,0.01589161106579633,-0.014857275420164814,0.014357516850240113
2023-06-05,-0.05621177715801118,0.0060023657211361265,-0.0019181886162112985
2023-06-06,0.05581511856233619,0.0010974372841259582,0.0021752777843723394
2023-06-07,-0.03332542412080894,-0.012083252758880945,-0.003463813953899499
2023-06-08,0.006138366063704449,0.013124733073092816,0.006030408473562596
2023-06-09,-0.001050860137740086,-0.002688130119841765,0.0017927269292813649
2023-06-12,-0.022064403456182706,-0.0008792504640156504,0.009030957201071303
2023-06-13,0.0006263269559741463,-0.00739483312084137,0.0065712344719187936
2023-06-14,-0.031115354032620144,0.0005537743402144653,0.0011901908245103765
2023-06-15,0.017819375410116443,0.007005982383036087,0.012321520266524891
2023-06-16,0.0289427732653721,-0.001540401760914932,-0.0034122448192310533
2023-06-20,0.07322003984177455,-0.010404681043488588,-0.005201675264068824
2023-06-21,0.05827421320682117,-0.0014474699268161662,-0.005136875392338835
2023-06-22,-0.0038377235796951737,-0.009966480697039254,0.003603193858395776
2023-06-23,0.02584590576815378,0.0027534519339434175,-0.0075886508231617815
2023-06-26,-0.013920564563099078,0.0017380933759117798,-0.004094067404592478
2023-06-27,0.013682563415242946,-0.00460411859047838,0.010903564061810984
2023-06-28,-0.01980891791303767,-0.002310076023493695,0.0005044162366224092
2023-06-29,0.011865197537731036,-0.0010723394318449203,0.003933494451385694
2023-06-30,0.0010472432791648364,0.006641221688667137,0.011731560166956366
2023-07-03,0.02204038015018257,0.001121247777740352,0.0011499154402924744
2023-07-05,-0.02082991257173679,-0.003536277643963551,-0.0014882469889455185
2023-07-06,-0.020020299639946313,-0.002984649764026069,-0.0078615620813285
2023-07-07,0.01437090998029806,0.007473004815488796,-0.0025278418345203203
2023-07-10,0.002376859472120276,0.0007833887164984092,0.0025278418345202488
2023-07-11,0.006765948365584515,0.003740607755698653,0.006348417630156722
2023-07-12,-0.007516669538967959,0.013450555215707776,0.00801372933017214
2023-07-13,0.03505911799946575,0.0007144446386035077,0.007905589875679037
2023-07-14,-0.036955452769762046,-0.003191736429074845,-0.0006230728786995484
2023-07-17,-0.006222897766458014,0.0007163001287564502,0.0034661304472519013
2023-07-18,-0.009643886494910275,0.011391151915954767,0.00740310356597041
2023-07-19,0.0019193869502834365,0.00016334311378929522,0.0022213851395658187
2023-07-20,-0.004083626307646249,-0.005076251540707413,-0.0066566813790042215
2023-07-21,0.003910458253167224,-0.0030692385170081175,0.0
2023-07-24,-0.024773034600599025,-0.004290665079151833,0.004457249978157317
2023-07-25,0.0017284554802405464,0.0055524167407638,0.0027265535854374117
2023-07-26,0.004355653333464597,0.004867250719561796,0.00015380202683669685
2023-07-27,-0.004927238584293436,-0.015836715414990758,-0.006652205301746089
2023-07-28,0.0037094442045335473,0.007949707574281263,0.00974267920927929
2023-07-31,-0.0030447758408086688,0.002690787072191872,0.0019022642688149485
2023-08-01,0.01513023382608844,-0.010418766955581723,-0.002865642183137442
2023-08-02,-0.01780750751690934,-0.004776993918500052,-0.014008573030132575
2023-08-03,0.0009161807791750279,-0.00033420291832367705,-0.002869975996192018
2023-08-04,-0.0035908335462961935,0.003613876354074006,-0.004532914306019756
2023-08-07,0.0036558939179262436,-0.002277988932518744,0.008690545161374413
2023-08-08,0.01984638697905339,-0.006361270240024672,-0.004358087164776238
2023-08-09,-0.006877101417061734,-0.00476956334967285,-0.0067076583332662774
2023-08-10,-0.004471948989328098,-0.0010691758408616784,0.00035899001111200574
2023-08-11,-0.0010837469218066252,0.0,-0.0005834954863799029
2023-08-14,0.0003648772874082008,-0.003045220530389694,0.005505024880941169
2023-08-15,-0.008129120118753778,-0.0026580037072091345,-0.011717366417486573
2023-08-16,-0.016193584838703763,-0.005792775189194925,-0.00736522493435342
2023-08-17,-0.07362412009606191,-0.0015390561619561794,-0.0076490500400010104
2023-08-18,-0.023334248653811243,0.0001711135895520659,0.00048114308647571365
2023-08-21,0.00285906650629039,0.00273392964256731,0.006485307275112894
2023-08-22,-0.0035464695192522202,0.0016481975934526548,-0.002712454714801007
2023-08-23,0.015248455549160829,0.010113328144583607,0.011076287442314177
2023-08-24,-0.01023956576112509,-0.0002248455933195227,-0.01395616073777628
2023-08-25,-0.004393992436939317,-0.0012941233726573686,0.007025343393014507
2023-08-28,0.0022426908796686455,0.002867238875764686,0.006321150481956389
2023-08-29,0.060249892570851026,0.00972069237763269,0.014351390049088362
2023-08-30,-0.015634289371322937,0.002498750315822613,0.004110317241549671
2023-08-31,-0.05132914544958933,-0.001665111347163996,-0.0014644754298143408
2023-09-01,-0.005054814300673318,0.0004997991755412262,0.0018634802882826096
2023-09-05,-0.0008042615082999959,-0.008195174622491511,-0.00433117369768619
2023-09-06,-0.001038013801593385,-0.004544556063018457,-0.006745079554493413
2023-09-07,0.01873210550195057,0.0010678794784509471,-0.003075105676272335
2023-09-08,-0.012831149860508746,0.0003369702787594387,0.001504949790341079
2023-09-11,-0.029100334535416692,0.0018513951035425602,0.006555123382580621
2023-09-12,0.0263051279529175,-0.005169992663578624,-0.005500768743659128
2023-09-13,0.015173852958685846,-0.002312682045193072,0.0011652639691124278
2023-09-14,0.011800835130971608,0.0005080950731221542,0.008585380659189545
2023-09-15,0.0025972414093191217,0.00658210689497754,-0.012121296039904054
2023-09-18,0.005456526848982933,0.00587038313631886,0.0005863601303847245
2023-09-19,0.016931102662432373,-0.0009480950413542692,-0.0020761388033518294
2023-09-20,-0.0029114788993918343,0.0007251297423292754,-0.009235810079254413
2023-09-21,-0.021020467716698094,-0.0072748111459232075,-0.01666654567786875
2023-09-22,0.0004491505408555205,0.0031961900557462815,-0.0022509683993930506
2023-09-25,-0.010631653191114124,-0.005163898932470834,0.004196321649278752
2023-09-26,-0.003093569595525136,-0.008023084937964609,-0.014800334400486389
2023-09-27,0.005153782852789497,-0.012443751217319037,0.0003991488591839829
2023-09-28,0.02506320623495958,-0.005009715204337903,0.005780865917437857
2023-09-29,-0.004072674570297436,-0.010328505518099336,-0.0024300119580593247
2023-10-02,0.022742933188551938,-0.0105542058560987,-0.00039781334238825903
2023-10-03,-0.0036683170659445614,-0.002892421000056923,-0.013476337676668133
2023-10-04,0.013377719302482879,-0.00011826350756014561,0.00725544452922479
2023-10-05,-0.013890662255842758,-0.0018344684108627424,-0.00037689934666161254
2023-10-06,0.019171883788155934,0.005139851922273756,0.011802960003672229
2023-10-09,-0.013071251190806309,0.018218478536943455,0.0063816296551631214
2023-10-10,-0.0070090060125914885,-0.0016795054754092334,0.005191455695516388
2023-10-11,-0.019081220842271783,0.007276507826110017,0.0040878668741805785
2023-10-12,-0.00434538164717781,-0.0030543103873241243,-0.0061148793019244274
2023-10-13,0.0039380057832304975,0.03164231938177581,-0.004993430547316467
2023-10-16,0.05986029097890797,-0.004876800474351656,0.01046647655346634
2023-10-17,-0.0036433994327744555,0.0018525567250013085,-4.586618656993513e-05
2023-10-18,-0.0030807197496875486,0.014367113783494704,-0.013414735076728454
2023-10-19,0.013724231161473081,0.012199301049654077,-0.008825252237789401
2023-10-20,0.03298576898255148,0.0027271753020748097,-0.012364189520396161
2023-10-23,0.10854453540047479,-0.003382778876821057,-0.0017345292473437922
2023-10-24,0.024342751787773464,-0.00010933686369138149,0.007511019383162809
2023-10-25,0.017581001125127033,0.004199991317574014,-0.014456265057782613
2023-10-26,-0.010083818433932462,0.001577208003792872,-0.012046916514213872
2023-10-27,-0.007253169256571986,0.011562693424814757,-0.004543022887589139
2023-10-30,0.01732374140301685,-0.005656514976963794,0.01188476188745671
2023-10-31,0.004782938801692802,-0.005471503988170932,0.006260667661692621
2023-11-01,0.021952875620689455,-0.0031556165767174377,0.01060837667255313
2023-11-02,-0.014181643038139046,0.003318560440596095,0.01898306406826905
2023-11-03,-0.005911206955145199,0.0036323164276059108,0.009081969868616053
2023-11-06,0.00874445036418133,-0.00782308105070582,0.0022979550410086027
2023-11-07,0.011526405303600254,-0.004153745714031754,0.0028418806335336307
2023-11-08,0.005955525293475274,-0.010017653470627337,0.0007320794001769735
2023-11-09,0.02869223982446583,0.0039750574137909995,-0.00782929721840862
2023-11-10,0.01677834605033404,-0.01096969995324551,0.015484305293012684
2023-11-13,-0.021990961965519196,0.0055552613869160675,-0.0009535606791287375
2023-11-14,-0.02678435783979465,0.008879636186604513,0.019214986566886496
2023-11-15,0.06384619927627835,-0.0026390807860946154,0.0021148162997635116
2023-11-16,-0.046629756190665436,0.011222864579353571,0.0012222855515938117
2023-11-17,0.01214874696667944,-0.00010890827769753537,0.001243116241476469
2023-11-20,0.023768640830835592,-0.0016347162383040547,0.007668170718397315
2023-11-21,-0.045392621921948366,0.010740019593541818,-0.002181990244621063
2023-11-22,0.04420138946783627,-0.004271361889171939,0.003853422977622092
2023-11-24,0.007662881508198476,0.005188115339681599,0.0006152081749683471
2023-11-27,-0.012434083649412868,0.006715220224108336,-0.0018026166920164057
2023-11-28,0.015367313611233842,0.013243765854618507,0.0009896049841355134
2023-11-29,0.0007241750284948421,0.001478346564492718,-0.0007034096731327204
2023-11-30,-0.0038571889984724806,-0.004176660491012712,0.003929588778122096
2023-12-01,0.02555073011462817,0.017124037266951418,0.005898355838490198
2023-12-04,0.08164678054577372,-0.021850417580745678,-0.005263319354190104
2023-12-05,0.04882523455973004,-0.003786606077863042,-0.00019687224056546236
2023-12-06,-0.007610515703398493,0.003680115406357525,-0.004038009445649733
2023-12-07,-0.010427160036986542,0.001648967455985853,0.007601482858480553
2023-12-08,0.01998568323480024,-0.01343017351466841,0.004289866724603606
2023-12-11,-0.06846730761514239,-0.011104320560253251,0.003882018188333616
2023-12-12,0.004991678164292342,-0.0005447904909059331,0.004556922108166589
2023-12-13,0.03416274957103686,0.022311764488914056,0.013695725994167168
2023-12-14,0.003101461159203954,0.005845435089187632,0.0032043939282504685
2023-12-15,-0.025761678809584642,-0.009208782757507555,-0.0016478177394892706
2023-12-18,0.016410875652475943,0.0045351876568232455,0.005609259548535663
2023-12-19,-0.008316570718615267,0.006790830606181726,0.006062474163502776
2023-12-20,0.032164737244750545,-0.005460866362358663,-0.01395413321528304
2023-12-21,0.0049565656400486135,0.007045755720440373,0.009437129524416513
2023-12-22,0.0029305657871948458,0.004424614031362715,0.0020076367783993247
2023-12-26,-0.03415794288831648,0.007591842151508473,0.0042136176552567016
2023-12-27,0.021462391204340153,0.004527577262521436,0.0018064528387496076
2023-12-28,-0.018938483263033618,-0.005832413160524756,0.0003776529361542717
2023-12-29,-0.01247437935200907,-0.001568069797763166,-0.0028991010560175403
2024-01-02,0.06569448103967031,-0.0023566846852945507,-0.005612007904142213
2024-01-03,-0.04806495357875531,-0.008371755159892112,-0.008200219199086787
2024-01-04,0.030607357718285957,0.0010041086074332737,-0.003226407250043552
2024-01-05,-0.0003900828451526924,0.00015844285681911228,0.0013688951596676226
2024-01-08,0.06163948142758775,-0.007846978293015706,0.014174930284710847
2024-01-09,-0.01784541710643821,0.0003193058065587502,-0.0015181956587313015
2024-01-10,0.01052203275194838,-0.0022906686849215973,0.005639411002368668
2024-01-11,-0.005574241147522551,0.001971362878362661,-0.00044067402008483397
2024-01-12,-0.07884262883299366,0.009746417465784744,0.0006924100294926029
2024-01-16,0.007017444532681498,-0.009533481464917285,-0.0036779890712035613
2024-01-17,-0.009599712825861542,-0.011077075533253301,-0.005574069430176639
2024-01-18,-0.03525390600438047,0.0081991767942437,0.008853430680437108
2024-01-19,0.008599127738074015,0.0029842685447011067,0.012389153384089342
2024-01-22,-0.052055361752265265,-0.003785111631635069,0.002112048423256282
2024-01-23,0.008523584257922188,0.0038915513093621982,0.0029121099851184026
2024-01-24,0.005793705727985713,-0.008281084265806291,0.0010927804466786244
2024-01-25,-0.003581157289492955,0.003962127078988696,0.005423975531621142
2024-01-26,0.04607657449481696,-0.0006949345993062643,-0.0012710673667717767
2024-01-29,0.03458127257500397,0.007033690942251831,0.007888123198842113
2024-01-30,-0.007783744989935841,0.001379574176667031,-0.0007736591751555353
2024-01-31,-0.008651552809046921,-0.0007426235867569977,-0.016452055677333814
2024-02-01,0.011514890294239742,0.010346957700093572,0.013003332415689163
2024-02-02,0.002552374530244358,-0.00949826692011521,0.010472382996580315
2024-02-05,-0.012282624189248628,-0.0055292461789592075,-0.0036478299978631324
2024-02-06,0.009936804708699247,0.0052110917695982265,0.0028991541843717355
2024-02-07,0.02822864621028068,-0.0002652330017039186,0.0083056916821915
2024-02-08,0.021945671282114807,-0.0009022539588233346,0.00044167427019696476
2024-02-09,0.0399329954084116,-0.0038836838223869725,0.005762693886312025
2024-02-12,0.057912503485299305,-0.0026153866387207837,-0.00043900998043916185
2024-02-13,-0.004328588760117502,-0.013884637194949295,-0.013868885951000637
2024-02-14,0.041046849510408934,-0.0005962900909107332,0.009046735773824614
2024-02-15,0.0021560092291083846,0.006701308514327959,0.006875975869263724
2024-02-16,0.0042584326097615645,0.003655878672840905,-0.004992413890239321
2024-02-20,0.0023873204261983054,0.006045896751115192,-0.005520508099212489
2024-02-21,-0.00856090431522995,5.331114505738622e-05,0.0009053747705762388
2024-02-22,-0.010358547640014263,0.0004266309391015458,0.02048416970310079
2024-02-23,-0.011231806115512574,0.005635602023986369,0.0006894561168546742
2024-02-26,0.07205579515539999,-0.002229172292928307,-0.003669212802057461
2024-02-27,0.045936216440473146,-0.0010632481058260926,0.00185602872581992
2024-02-28,0.09069529297704289,0.0018068578078276945,-0.0013225017625187218
2024-02-29,-0.02112241427001975,0.005137049487700812,0.0035884221073289924
2024-03-01,0.0200954657884248,0.018734204946424346,0.00934446313311515
2024-03-04,0.09013873819592814,0.016045575240364,-0.0010729334381068816
2024-03-05,-0.06858298181492034,0.006002093012312388,-0.010044432517765654
2024-03-06,0.03549970020086634,0.008181839163568495,0.005054488680877732
2024-03-07,0.012308140052515397,0.005667751261581818,0.009877488768296035
2024-03-08,0.020331312236987975,0.008417025116951235,-0.006020323273453964
2024-03-11,0.05447442087197215,0.0018333385345244608,-0.0008601506027925518
2024-03-12,-0.008949836049347838,-0.011000916093968595,0.01069986109761741
2024-03-13,0.02216689906407544,0.006982966028737541,-0.0015686877053337452
2024-03-14,-0.0233524614583823,-0.004183879789555221,-0.001978861955820734
2024-03-15,-0.028308923292000562,-0.003199519647615038,-0.006890182881461278
2024-03-18,-0.02709399205605509,0.0016010012977577042,0.005925593721284528
2024-03-19,-0.08712073185700822,-0.0011504677080451668,0.0055415376075878976
2024-03-20,0.09251085296877404,0.011841472011166752,0.009206890595093276
2024-03-21,-0.03631867422621332,-0.0010391759354036452,0.0032993402418128328
2024-03-22,-0.02649844665215931,-0.008053310017860795,-0.0018976876478192014
2024-03-25,0.09248642951095928,0.003189315361775875,-0.002766646065685405
2024-03-26,0.0004147786065640333,0.003228743279298674,-0.0018486721012368381
2024-03-27,-0.007637444542951766,0.007214572450620787,0.008368785113357945
2024-03-28,0.018397189971880865,0.012817528202410179,-0.0001911112494306683
2024-04-01,-0.014850058697842,0.01015632882706488,-0.0017413223639559218
2024-04-02,-0.06299090436988572,0.014664311961913869,-0.006378458718476617
2024-04-03,0.00812374307331999,0.008734121015037044,0.0010979352798270556
2024-04-04,0.03759886271186141,-0.005751211782367894,-0.012281201738172291
2024-04-05,-0.009845630418288566,0.01696939930469014,0.010392643516146017
2024-04-08,0.054415745823213055,0.006209168519561451,0.0005592134127688958
2024-04-09,-0.035413761203788405,0.005482001328254696,0.0011559680187727772
2024-04-10,0.020739301242534747,-0.00950892303540449,-0.010063451517005259
2024-04-11,-0.00749778258451207,0.019246832874495322,0.00751844651888118
2024-04-12,-0.041748970181434676,-0.013327746093360097,-0.013899122201353052
2024-04-15,-0.0577345477167843,0.01854610800435578,-0.012607295721274175
2024-04-16,0.0060619201772289105,0.0012212692273934644,-0.0018254349390317381
2024-04-17,-0.04053958534994488,-0.007395532411290185,-0.005935915859307158
2024-04-18,0.03584120208614769,0.0034096367107846366,-0.0020597886132114585
2024-04-19,0.005195142876912206,0.0031266420969038923,-0.008766814900194472
2024-04-22,0.04583111116921364,-0.025012716627157542,0.0091672042019119
2024-04-23,-0.006460398489914604,-0.0024616906480957905,0.011796698674147102
2024-04-24,-0.03260630131627199,-0.0018618228395408355,-0.0004746388534666827
2024-04-25,0.0031812827691917772,0.005945756955740473,-0.0038061788859706206
2024-04-26,-0.011328935219016097,0.0032366836371748075,0.009429295843614032
2024-04-29,0.0013448775410454074,-0.002033283758808563,0.0035350640158358982
2024-04-30,-0.051494629716542104,-0.02013850411793736,-0.015967955261385162
2024-05-01,-0.040089923480657194,0.009021337418355644,-0.003252423155509701
2024-05-02,0.014814392549697799,-0.003091862325121168,0.009309908646960794
2024-05-03,0.06175720649824811,-0.0007979449099420573,0.012319187596000104
2024-05-06,0.004317490682288359,0.010463427933373832,0.01027385769002912
2024-05-07,-0.01318192999564668,-0.00461094049941965,0.0011030004337910272
2024-05-08,-0.018569986258493817,-0.0029453952906236033,9.647366291669017e-05
2024-05-09,0.02997730860417905,0.01565541986116323,0.005745360870967251
2024-05-10,-0.036456454635488925,0.008079783894319735,0.0012873975845567672
2024-05-13,0.034098215257427476,-0.0112653199553874,0.00013408906990594689
2024-05-14,-0.021674038111579395,0.008426442720749588,0.004577782990624419
2024-05-15,0.07380429766149847,0.012757032448187737,0.012307092315625457
2024-05-16,-0.015755724397151206,-0.003900942141432421,-0.0020596495690867376
2024-05-17,0.027522834905047706,0.016363162829441707,0.0014365150518915078
2024-05-20,0.06350607246678794,0.004015863208074463,0.001151284545895467
2024-05-21,-0.01852885718229531,-0.0014706294501547247,0.0024495082626646405
2024-05-22,-0.014565869510184994,-0.018544867564565436,-0.0028834862814935843
2024-05-23,-0.017406596587757724,-0.020146148039186556,-0.007330900481198578
2024-05-24,0.008743394668047938,0.0009266841017383871,0.0065944856372128074
2024-05-28,-0.0033603147248077855,0.01045829379441463,0.0006986996628617067
2024-05-29,-0.010570529093847765,-0.009347362870368874,-0.007027097729175182
2024-05-30,0.011577009906272178,0.0018949634848047382,-0.006655967997855485
2024-05-31,-0.012860492770805693,-0.005881436093592545,0.009066818644332142
2024-06-03,0.01927284672350727,0.008878251926791354,0.0008152644144285545
2024-06-04,0.025300225248925362,-0.009017596418210323,0.001117184074891185
2024-06-05,0.007272217816602819,0.011775993219294973,0.011815008786233077
2024-06-06,-0.0045918902720176475,0.0073641743967564136,-1.880423626595695e-05
2024-06-07,-0.020194557079892095,-0.03633551284065831,-0.0012162095326724955
2024-06-10,0.0024442124416611368,0.009126408480626166,0.0030849138788194563
2024-06-11,-0.03186737491787959,0.002852538250894446,0.0024056752328313266
2024-06-12,0.013412234174301008,0.002658183908153708,0.008179130946982492
2024-06-13,-0.021998155421161833,-0.008183543017197694,0.002011494381307835
2024-06-14,-0.011227334405387725,0.012876289526632455,0.0006082055357007538
2024-06-17,0.007233210338951794,-0.00520517570045054,0.007927520918585493
2024-06-18,-0.020505771883152002,0.003999264104052163,0.0025376045644166113
2024-06-20,-0.004802521793038954,0.012407060942233218,-0.0027204707815183266
2024-06-21,-0.011362664075990998,-0.015614512577113587,-0.0013413898424071082
2024-06-24,-0.06142759353533457,0.0039497558204108826,-0.0032560547145121027
2024-06-25,0.025020978589857558,-0.004974590412272902,0.0038433425546913914
2024-06-26,-0.016203198264060435,-0.00927101143578294,0.0012474884971678988
2024-06-27,0.01296454786345771,0.011273144249924162,0.0015753457737209128
2024-06-28,-0.021073812008611803,9.297215668029186e-05,-0.003942854807611642
2024-07-01,0.04111645532332164,0.0026012036358740546,0.0020558402032691066
2024-07-02,-0.01318017605629068,-4.643502198153371e-05,0.006707175712021123
2024-07-03,-0.030363202506616574,0.011209933637062129,0.004452834758286238
2024-07-05,-0.06012865679510065,0.013396660734694534,0.005749815791573363
2024-07-08,0.0007537022264223308,-0.012479622087256387,0.001153361073454277
2024-07-09,0.022737964112148894,0.0016943111880903482,0.0009717450057688818
2024-07-10,-0.0046086733698468725,0.003653653384415535,0.009846649786408763
2024-07-11,-0.006909245978268808,0.017578001160184497,-0.008659829678162928
2024-07-12,0.009623984558104185,-0.0006272936376367233,0.006287721718162794
2024-07-15,0.11367947390056832,0.0032219172131206842,0.002746184452572928
2024-07-16,0.0034931297826731934,0.01972987782004887,0.0059127142769495105
2024-07-17,-0.01514324245482322,-0.0046540195707981385,-0.014120349950791438
2024-07-18,-0.0022597141603525025,-0.006401633154546521,-0.007714511092563839
2024-07-19,0.041879420109635544,-0.01810066223064627,-0.006662958921271055
2024-07-22,0.013032555028362817,0.0003156824791686295,0.010257341884506659
2024-07-23,-0.024831503546284737,0.003510507096461622,-0.0015697937447825376
2024-07-24,-0.008462196557576013,-0.0035105070964615765,-0.022923338289020507
2024-07-25,0.006177613679945953,-0.015768400613655725,-0.005223906504153816
2024-07-26,0.03193999219319689,0.010479424389843233,0.011137423940570589
2024-07-29,-0.016212518920554198,-0.0014060442276131696,0.0005877082881913276
2024-07-30,-0.009305346230673276,0.009935936183544556,-0.0050797135409871045
2024-07-31,-0.024183450577486682,0.017948680176280075,0.016124186196891353
2024-08-01,0.011359846111043197,-0.0034488837098835684,-0.014262118341573475
2024-08-02,-0.06221701386487153,-0.0019064443892983563,-0.01879420394044055
2024-08-05,-0.12882935533749532,-0.012773165762624666,-0.029556006638686173
2024-08-06,0.03713846509911699,-0.008032891286850028,0.009177379611722403
2024-08-07,-0.018131945621423673,-0.0006798590470787476,-0.006706466105135945
2024-08-08,0.11461585743295792,0.01556622880577821,0.02285412489771663
2024-08-09,-0.013541633552667406,0.0024522519879110324,0.004399853990152399
2024-08-12,-0.0253783714532102,0.01699935451192235,0.0005255140845162214
2024-08-13,0.02092453927711503,-0.0015335341694870399,0.016311693929750345
2024-08-14,-0.0313783013916643,-0.008189191333500994,0.003149905783720166
2024-08-15,-0.02024486209713598,0.0031339290416113642,0.016994870018942735
2024-08-16,0.022911430101342656,0.022140811735288115,0.0022395022343379926
2024-08-19,0.010125266266796553,-0.0016393656726291592,0.009515911728532883
2024-08-20,-0.008112024604757306,0.003663270802502215,-0.0016272805971475973
2024-08-21,0.035987487774751865,-0.0013345079227064104,0.003430581552854817
2024-08-22,-0.013052114105543453,-0.012047289256478088,-0.007879413058784568
2024-08-23,0.05966667778992524,0.011487194343258775,0.010569256444302124
2024-08-26,-0.01911765510550575,0.0031842629268955657,-0.0023865562364518036
2024-08-27,-0.05519287756090793,0.0027030152296240286,0.0013720761757821122
2024-08-28,-0.00804021450926693,-0.007051666972008083,-0.0058221284240041575
2024-08-29,0.006089656742738993,0.005164620716356872,8.941077464127463e-05
2024-08-30,-0.004534788620027655,-0.0071515197828322195,0.00950083241898444
2024-09-03,-0.028975787461358694,-0.00433295027353233,-0.020793600857747747
2024-09-04,0.009367548966836616,0.0006077417877377091,-0.002049132987351591
2024-09-05,-0.031738730145491646,0.008297784905919918,-0.0024350438261237476
2024-09-06,-0.04017885990554018,-0.007430165851405642,-0.016973409987510114
2024-09-09,0.05535933691731959,0.004197056104325384,0.011134137685081766
2024-09-10,0.010973955159393974,0.004394427867848139,0.004346154257819891
2024-09-11,-0.005314110423381013,-0.0015918222264343484,0.010206720500089013
2024-09-12,0.013576697629400721,0.01741476344611925,0.008387861818155058
2024-09-13,0.0411907229072504,0.009894570827460453,0.0052092774345754754
2024-09-16,-0.040064581724141055,-8.375168155593023e-05,0.0014757156949496936
2024-09-17,0.035717088660707746,-0.005546263478781389,0.0004086634708787743
2024-09-18,0.02199433056839477,-0.007740344731775493,-0.002970366331818323
2024-09-19,0.020721119053916288,0.015421236419487408,0.01692017849284797
2024-09-20,0.0040040116474054175,0.012630557682531525,-0.0017297836923813906
2024-09-23,0.0021628401614280242,0.00193852671610104,0.0024956196406955345
2024-09-24,0.015234244172186632,0.013872405171650835,0.002857491311672915
2024-09-25,-0.01818596455888868,-0.0013827232563759936,-0.0022081308201583457
2024-09-26,0.03176403065562404,0.005073989582052931,0.00395683825951438
2024-09-27,0.009309629648678252,-0.00796748708764577,-0.001451234297719221
2024-09-30,-0.03812668937142083,-0.008031540905021974,0.00399908800083188
2024-10-01,-0.04015297041725014,0.0104365981433154,-0.008998799366906646
2024-10-02,-0.0033625289659382266,0.000203566476664727,0.0004219346110072519
2024-10-03,0.0020860853737759526,-0.0006922454344500081,-0.001829780437022192
2024-10-04,0.021300283559387175,-0.001998025038998091,0.009046294648547672
2024-10-07,0.0027220928069463233,-0.0033935140367649104,-0.009081705907990257
2024-10-08,-0.0016835665376192953,-0.007399232494344503,0.009413278791766004
2024-10-09,-0.025261155468464205,-0.0054610705017173605,0.006902375185775721
2024-10-10,-0.005090366975952731,0.007316064767089658,-0.001751371301715962
2024-10-11,0.03537847936044716,0.01085428686886074,0.00597028891929053
2024-10-14,0.05606575349118819,-0.0016308312397319176,0.00814524614550627
2024-10-15,0.014952642422039789,0.0034623584364339233,-0.0078002159104656405
2024-10-16,0.008490108547449185,0.0049891427128232555,0.004337018717749267
2024-10-17,-0.0031535287872272158,0.0059704521617615375,8.578534667141738e-05
2024-10-18,0.01500489704966544,0.010562207979593495,0.0038392849167298774
2024-10-21,-0.015479556460891218,-0.00019902108052380224,-0.0016436490948843426
2024-10-22,-9.56779931777652e-05,0.010729555523637746,-0.0005313559810286485
2024-10-23,-0.013890438213698968,-0.012123752431615111,-0.009179364169493706
2024-10-24,0.02569154796745315,0.007663817134299539,0.0021605438641166754
2024-10-25,-0.02253213347279499,0.0020548662166116312,-0.000345567597673345
2024-10-28,0.04783540489337374,3.945329776617785e-05,0.0030868965995340595
2024-10-29,0.03944659057776213,0.010835937036952448,0.0016167900433665652
2024-10-30,-0.00525236341818716,0.005490789207931537,-0.003029793436258333
2024-10-31,-0.029806220896924952,-0.015616471787270507,-0.019797573763871885
2024-11-01,-0.010490161236778449,-0.004110813705942359,0.004211426260517747
2024-11-04,-0.02434256025804483,0.0014248987496042703,-0.002156315593104396
2024-11-05,0.022572112490931908,0.0022519104403699204,0.012019509536207743
2024-11-06,0.08666903126846402,-0.03085797669408563,0.02456139533361199
2024-11-07,0.0035076496874788744,0.015948645391861378,0.007702398968193561
2024-11-08,0.008404323339316332,-0.0067924425881974865,0.004322314674527305
2024-11-11,0.14739159487814155,-0.02375140115119195,0.0009523973209726921
2024-11-12,-0.008442066269106777,-0.008668821068980244,-0.00311127166619017
2024-11-13,0.02944485048776148,-0.010132384997697268,0.00048581080450071196
2024-11-14,-0.03749692231881138,-0.002612551531378182,-0.006451043437604323
2024-11-15,0.04280211829142622,-0.0017736414154014318,-0.012891083722761747
2024-11-18,-0.005763697278361139,0.01884162282592499,0.004088766041701655
2024-11-19,0.019697543183651734,0.00891942849470802,0.0036488622502508948
2024-11-20,0.021381444998432572,0.005616245032295766,0.0003387654469856822
2024-11-21,0.04320463738221239,0.008304918886222052,0.005353895582405329
2024-11-22,0.004991722095061175,0.012809813332372294,0.003094723968096326
2024-11-25,-0.061397399496605415,-0.029901483187306007,0.003386190172193658
2024-11-26,-0.012069852534281012,0.0019364331609546426,0.005208012326056589
2024-11-27,0.04232881330495687,0.0022202481870022992,-0.003034727373655627
2024-11-29,0.015499852904074699,0.008587567442534243,0.006192827629196341
2024-12-02,-0.016513538643168194,-0.0087929483026941,0.0017908211147044638
2024-12-03,0.0014266034685602644,0.0020107532444556663,0.0004637486027930678
2024-12-04,0.028408310872006196,0.00302908748607766,0.00619022076094686
2024-12-05,-0.022266865312221884,-0.00742520820917337,-0.0016469686917471057
2024-12-06,0.03386480176780916,0.0003705001517973534,0.0018939754062633645
2024-12-09,-0.02521490516164955,0.009870874002918592,-0.00516292335487144
2024-12-10,-0.007802793553987951,0.013078415980993926,-0.0031139122766908377
2024-12-11,0.04547294957076326,0.009488652360594872,0.007700734343478593
2024-12-12,-0.011232138149604486,-0.01477229774782158,-0.005165906276709181
2024-12-13,0.014057223472297039,-0.01216527622337442,-0.00019840777823579658
2024-12-16,0.0440621033461418,0.00241229791280552,0.004260614936465987
2024-12-17,0.0010452246330361938,-0.003846011153453628,-0.004128545378400108
2024-12-18,-0.059179154653770175,-0.01937149963953233,-0.030256742368497822
2024-12-19,-0.025825905125142587,0.001420087931281009,-0.0003068975541790904
2024-12-20,0.002714273553183173,0.01037999743966833,0.01193955295129479
2024-12-23,-0.031905147003256,-0.004719916680210686,0.005970271009728957
2024-12-24,0.041273994068279446,0.001990032656870636,0.011053546074939361
2024-12-26,-0.029626831734066612,0.0067284927019149185,6.67549384541554e-05
2024-12-27,-0.01716880486495554,-0.006894214453703702,-0.010582231539860765
2024-12-30,-0.01629139565341782,-0.003194779040875952,-0.011477400345184956
2024-12-31,0.00844829005287248,0.006214287831739849,-0.003644599145321108
