Date,BTC-USD,GLD,SPY
2023-01-01,16625.080078125,,
2023-01-02,16688.470703125,,
2023-01-03,16679.857421875,171.05999755859375,363.23193359375
2023-01-04,16863.23828125,172.6699981689453,366.03619384765625
2023-01-05,16836.736328125,170.52000427246094,361.85845947265625
2023-01-06,16951.96875,173.7100067138672,370.15667724609375
2023-01-07,16955.078125,,
2023-01-08,17091.14453125,,
2023-01-09,17196.5546875,174.10000610351562,369.94677734375
2023-01-10,17446.29296875,174.74000549316406,372.5412292480469
2023-01-11,17934.896484375,174.6199951171875,377.2530517578125
2023-01-12,18869.587890625,176.63999938964844,378.6265563964844
2023-01-13,19909.57421875,178.75999450683594,380.095458984375
2023-01-14,20976.298828125,,
2023-01-15,20880.798828125,,
2023-01-16,21169.6328125,,
2023-01-17,21161.51953125,177.58999633789062,379.3991394042969
2023-01-18,20688.78125,177.0800018310547,373.4091491699219
2023-01-19,21086.79296875,179.88999938964844,370.6908264160156
2023-01-20,22676.552734375,179.2899932861328,377.596435546875
2023-01-21,22777.625,,
2023-01-22,22720.416015625,,
2023-01-23,22934.431640625,179.6300048828125,382.1270751953125
2023-01-24,22636.46875,180.27999877929688,381.7169494628906
2023-01-25,23117.859375,181.11000061035156,381.8600158691406
2023-01-26,23032.77734375,179.47000122070312,386.0567932128906
2023-01-27,23078.728515625,179.22000122070312,386.94384765625
2023-01-28,23031.08984375,,
2023-01-29,23774.56640625,,
2023-01-30,22840.138671875,178.75999450683594,382.0888977050781
2023-01-31,23139.283203125,179.41000366210938,387.7068786621094
2023-02-01,23723.76953125,181.6699981689453,391.827392578125
2023-02-02,23471.87109375,177.89999389648438,397.53118896484375
2023-02-03,23449.322265625,173.4600067138672,393.3058166503906
2023-02-04,23331.84765625,,
2023-02-05,22955.666015625,,
2023-02-06,22760.109375,173.82000732421875,390.9021301269531
2023-02-07,23264.291015625,173.97999572753906,396.0146789550781
2023-02-08,22939.3984375,174.41000366210938,391.684326171875
2023-02-09,21819.0390625,173.02999877929688,388.2886962890625
2023-02-10,21651.18359375,173.36000061035156,389.19482421875
2023-02-11,21870.875,,
2023-02-12,21788.203125,,
2023-02-13,21808.1015625,172.47999572753906,393.7636413574219
2023-02-14,22220.8046875,172.61000061035156,393.5824279785156
2023-02-15,24307.841796875,170.88999938964844,394.8604431152344
2023-02-16,23623.474609375,170.75,389.42376708984375
2023-02-17,24565.6015625,171.25999450683594,388.4508972167969
2023-02-18,24641.27734375,,
2023-02-19,24327.642578125,,
2023-02-20,24829.1484375,,
2023-02-21,24436.353515625,170.6199951171875,380.6581726074219
2023-02-22,24188.84375,169.66000366210938,380.133544921875
2023-02-23,23947.4921875,169.57000732421875,382.15570068359375
2023-02-24,23198.126953125,168.35000610351562,378.0733337402344
2023-02-25,23175.375,,
2023-02-26,23561.212890625,,
2023-02-27,23522.87109375,169.00999450683594,379.3610534667969
2023-02-28,23147.353515625,169.77999877929688,377.9588928222656
2023-03-01,23646.55078125,170.75999450683594,376.5090637207031
2023-03-02,23475.466796875,170.66000366210938,379.4373779296875
2023-03-03,22362.6796875,172.49000549316406,385.5226745605469
2023-03-04,22353.349609375,,
2023-03-05,22435.513671875,,
2023-03-06,22429.7578125,171.6199951171875,385.7897033691406
2023-03-07,22219.76953125,168.6199951171875,379.8760681152344
2023-03-08,21718.080078125,168.5399932861328,380.4960632324219
2023-03-09,20363.021484375,170.1999969482422,373.4759521484375
2023-03-10,20187.244140625,173.8699951171875,368.08697509765625
2023-03-11,20632.41015625,,
2023-03-12,22163.94921875,,
2023-03-13,24197.533203125,177.86000061035156,367.5622863769531
2023-03-14,24746.07421875,176.8300018310547,373.63812255859375
2023-03-15,24375.9609375,178.2100067138672,371.30120849609375
2023-03-16,25052.7890625,178.57000732421875,377.8158264160156
2023-03-17,27423.9296875,183.77000427246094,373.3981628417969
2023-03-18,26965.87890625,,
2023-03-19,28038.67578125,,
2023-03-20,27767.236328125,183.83999633789062,376.9885559082031
2023-03-21,28175.81640625,180.3699951171875,381.9385681152344
2023-03-22,27307.4375,183.44000244140625,375.4279479980469
2023-03-23,28333.97265625,185.74000549316406,376.44287109375
2023-03-24,27493.28515625,183.64999389648438,378.9130554199219
2023-03-25,27494.70703125,,
2023-03-26,27994.330078125,,
2023-03-27,27139.888671875,181.9499969482422,379.6215515136719
2023-03-28,27268.130859375,183.44000244140625,378.7694396972656
2023-03-29,28348.44140625,182.52999877929688,384.2748107910156
2023-03-30,28033.5625,184.17999267578125,386.5248718261719
2023-03-31,28478.484375,183.22000122070312,391.9727478027344
2023-04-01,28411.03515625,,
2023-04-02,28199.30859375,,
2023-04-03,27790.220703125,184.5399932861328,393.4664306640625
2023-04-04,28168.08984375,187.97999572753906,391.2834167480469
2023-04-05,28177.984375,187.8300018310547,390.2588806152344
2023-04-06,28044.140625,186.49000549316406,391.7812805175781
2023-04-07,27925.859375,,
2023-04-08,27947.794921875,,
2023-04-09,28333.05078125,,
2023-04-10,29652.98046875,185.11000061035156,392.1833801269531
2023-04-11,30235.05859375,186.27999877929688,392.2887268066406
2023-04-12,30139.052734375,187.19000244140625,390.6897888183594
2023-04-13,30399.06640625,189.72000122070312,395.8791809082031
2023-04-14,30485.69921875,186.36000061035156,394.91217041015625
2023-04-15,30318.49609375,,
2023-04-16,30315.35546875,,
2023-04-17,29445.044921875,185.52999877929688,396.3291931152344
2023-04-18,30397.552734375,186.25,396.5876770019531
2023-04-19,28822.6796875,185.36000061035156,396.5207214355469
2023-04-20,28245.98828125,186.08999633789062,394.3568420410156
2023-04-21,27276.91015625,184.25,394.66326904296875
2023-04-22,27817.5,,
2023-04-23,27591.384765625,,
2023-04-24,27525.33984375,184.80999755859375,395.07489013671875
2023-04-25,28307.59765625,185.75,388.8035888671875
2023-04-26,28422.701171875,184.74000549316406,387.1567687988281
2023-04-27,29473.787109375,184.75,394.86431884765625
2023-04-28,29340.26171875,184.8000030517578,398.2344970703125
2023-04-29,29248.48828125,,
2023-04-30,29268.806640625,,
2023-05-01,28091.568359375,183.97000122070312,397.8323669433594
2023-05-02,28680.537109375,187.52000427246094,393.3610534667969
2023-05-03,29006.30859375,189.11000061035156,390.66107177734375
2023-05-04,28847.7109375,190.44000244140625,387.89398193359375
2023-05-05,29534.384765625,187.4600067138672,395.07489013671875
2023-05-06,28904.623046875,,
2023-05-07,28454.978515625,,
2023-05-08,27694.2734375,187.69000244140625,395.1802673339844
2023-05-09,27658.775390625,189.02000427246094,393.4472961425781
2023-05-10,27621.755859375,188.75,395.2856140136719
2023-05-11,27000.7890625,187.1300048828125,394.5962219238281
2023-05-12,26804.990234375,186.80999755859375,394.0791320800781
2023-05-13,26784.078125,,
2023-05-14,26930.638671875,,
2023-05-15,27192.693359375,187.2100067138672,395.4387512207031
2023-05-16,27036.650390625,184.8699951171875,392.79620361328125
2023-05-17,27398.802734375,184.22999572753906,397.5643005371094
2023-05-18,26832.208984375,181.83999633789062,401.39410400390625
2023-05-19,26890.12890625,183.63999938964844,400.81005859375
2023-05-20,27129.5859375,,
2023-05-21,26753.826171875,,
2023-05-22,26851.27734375,183.2100067138672,400.97283935546875
2023-05-23,27225.7265625,183.42999267578125,396.47283935546875
2023-05-24,26334.818359375,181.9499969482422,393.6004943847656
2023-05-25,26476.20703125,180.1999969482422,397.0090026855469
2023-05-26,26719.291015625,180.9199981689453,402.15057373046875
2023-05-27,26868.353515625,,
2023-05-28,28085.646484375,,
2023-05-29,27745.884765625,,
2023-05-30,27702.349609375,182.0399932861328,402.3037414550781
2023-05-31,27219.658203125,182.32000732421875,400.0728759765625
2023-06-01,26819.97265625,183.75999450683594,403.87396240234375
2023-06-02,27249.58984375,181.0500030517578,409.71441650390625
2023-06-03,27075.12890625,,
2023-06-04,27119.06640625,,
2023-06-05,25760.09765625,182.13999938964844,408.92926025390625
2023-06-06,27238.783203125,182.33999633789062,409.81976318359375
2023-06-07,26345.998046875,180.14999389648438,408.4026794433594
2023-06-08,26508.216796875,182.52999877929688,410.8729553222656
2023-06-09,26480.375,182.0399932861328,411.6101989746094
2023-06-10,25851.240234375,,
2023-06-11,25940.16796875,,
2023-06-12,25902.5,181.8800048828125,415.3442687988281
2023-06-13,25918.728515625,180.5399932861328,418.08258056640625
2023-06-14,25124.67578125,180.63999938964844,418.5804748535156
2023-06-15,25576.39453125,181.91000366210938,423.7699279785156
2023-06-16,26327.462890625,181.6300048828125,422.3263854980469
2023-06-17,26510.67578125,,
2023-06-18,26336.212890625,,
2023-06-19,26851.029296875,,
2023-06-20,28327.48828125,179.75,420.1352844238281
2023-06-21,30027.296875,179.49000549316406,417.9826354980469
2023-06-22,29912.28125,177.7100067138672,419.4914245605469
2023-06-23,30695.46875,178.1999969482422,416.3200988769531
2023-06-24,30548.6953125,,
2023-06-25,30480.26171875,,
2023-06-26,30271.130859375,178.50999450683594,414.619140625
2023-06-27,30688.1640625,177.69000244140625,419.1647033691406
2023-06-28,30086.24609375,177.27999877929688,419.3761901855469
2023-06-29,30445.3515625,177.08999633789062,421.029052734375
2023-06-30,30477.251953125,178.27000427246094,425.9974670410156
2023-07-01,30590.078125,,
2023-07-02,30620.76953125,,
2023-07-03,31156.439453125,178.47000122070312,426.48760986328125
2023-07-04,30777.58203125,,
2023-07-05,30514.166015625,177.83999633789062,425.8533630371094
2023-07-06,29909.337890625,177.30999755859375,422.51861572265625
2023-07-07,30342.265625,178.63999938964844,421.451904296875
2023-07-08,30292.541015625,,
2023-07-09,30171.234375,,
2023-07-10,30414.470703125,178.77999877929688,422.51861572265625
2023-07-11,30620.951171875,179.4499969482422,425.20947265625
2023-07-12,30391.646484375,181.8800048828125,428.63067626953125
2023-07-13,31476.048828125,182.00999450683594,432.0326843261719
2023-07-14,30334.068359375,181.42999267578125,431.7635803222656
2023-07-15,30295.806640625,,
2023-07-16,30249.1328125,,
2023-07-17,30145.888671875,181.55999755859375,433.2627258300781
2023-07-18,29856.5625,183.63999938964844,436.48211669921875
2023-07-19,29913.923828125,183.6699981689453,437.4527893066406
2023-07-20,29792.015625,182.74000549316406,434.55047607421875
2023-07-21,29908.744140625,182.17999267578125,434.55047607421875
2023-07-22,29771.802734375,,
2023-07-23,30084.5390625,,
2023-07-24,29176.916015625,181.39999389648438,436.49169921875
2023-07-25,29227.390625,182.41000366210938,437.6834411621094
2023-07-26,29354.97265625,183.3000030517578,437.7507629394531
2023-07-27,29210.689453125,180.4199981689453,434.8484191894531
2023-07-28,29319.24609375,181.86000061035156,439.105712890625
2023-07-29,29356.91796875,,
2023-07-30,29275.30859375,,
2023-07-31,29230.111328125,182.35000610351562,439.9418029785156
2023-08-01,29675.732421875,180.4600067138672,438.6828918457031
2023-08-02,29151.958984375,179.60000610351562,432.5804138183594
2023-08-03,29178.6796875,179.5399932861328,431.3406982421875
2023-08-04,29074.091796875,180.19000244140625,429.389892578125
2023-08-05,29042.126953125,,
2023-08-06,29041.85546875,,
2023-08-07,29180.578125,179.77999877929688,433.1377868652344
2023-08-08,29765.4921875,178.63999938964844,431.2542419433594
2023-08-09,29561.494140625,177.7899932861328,428.3712158203125
2023-08-10,29429.591796875,177.60000610351562,428.5250244140625
2023-08-11,29397.71484375,177.60000610351562,428.2750549316406
2023-08-12,29415.96484375,,
2023-08-13,29282.9140625,,
2023-08-14,29408.443359375,177.05999755859375,430.63922119140625
2023-08-15,29170.34765625,176.58999633789062,425.6227111816406
2023-08-16,28701.779296875,175.57000732421875,422.4994201660156
2023-08-17,26664.55078125,175.3000030517578,419.280029296875
2023-08-18,26049.556640625,175.3300018310547,419.4818115234375
2023-08-19,26096.205078125,,
2023-08-20,26189.583984375,,
2023-08-21,26124.140625,175.80999755859375,422.21112060546875
2023-08-22,26031.65625,176.10000610351562,421.06744384765625
2023-08-23,26431.640625,177.88999938964844,425.7572326660156
2023-08-24,26162.373046875,177.85000610351562,419.8565673828125
2023-08-25,26047.66796875,177.6199951171875,422.81658935546875
2023-08-26,26008.462890625,,
2023-08-27,26089.693359375,,
2023-08-28,26106.150390625,178.1300048828125,425.49774169921875
2023-08-29,27727.392578125,179.8699951171875,431.64825439453125
2023-08-30,27297.265625,180.32000732421875,433.4261169433594
2023-08-31,25931.47265625,180.02000427246094,432.7918395996094
2023-09-01,25800.724609375,180.11000061035156,433.5990905761719
2023-09-02,25868.798828125,,
2023-09-03,25969.56640625,,
2023-09-04,25812.416015625,,
2023-09-05,25779.982421875,178.63999938964844,431.72515869140625
2023-09-06,25753.236328125,177.8300018310547,428.82293701171875
2023-09-07,26240.1953125,178.02000427246094,427.50628662109375
2023-09-08,25905.654296875,178.0800018310547,428.150146484375
2023-09-09,25895.677734375,,
2023-09-10,25832.2265625,,
2023-09-11,25162.654296875,178.41000366210938,430.9659423828125
2023-09-12,25833.34375,177.49000549316406,428.601806640625
2023-09-13,26228.32421875,177.0800018310547,429.1015319824219
2023-09-14,26539.673828125,177.1699981689453,432.8013916015625
2023-09-15,26608.693359375,178.33999633789062,427.5869445800781
2023-09-16,26568.28125,,
2023-09-17,26534.1875,,
2023-09-18,26754.28125,179.38999938964844,427.8377380371094
2023-09-19,27211.1171875,179.22000122070312,426.9504089355469
2023-09-20,27132.0078125,179.35000610351562,423.02532958984375
2023-09-21,26567.6328125,178.0500030517578,416.03338623046875
2023-09-22,26579.568359375,178.6199951171875,415.09796142578125
2023-09-23,26579.390625,,
2023-09-24,26256.826171875,,
2023-09-25,26298.48046875,177.6999969482422,416.843505859375
2023-09-26,26217.25,176.27999877929688,410.7195129394531
2023-09-27,26352.716796875,174.10000610351562,410.88348388671875
2023-09-28,27021.546875,173.22999572753906,413.265625
2023-09-29,26911.720703125,171.4499969482422,412.2626037597656
2023-09-30,26967.916015625,,
2023-10-01,27983.75,,
2023-10-02,27530.78515625,169.64999389648438,412.0986328125
2023-10-03,27429.978515625,169.16000366210938,406.5823059082031
2023-10-04,27799.39453125,169.13999938964844,409.54296875
2023-10-05,27415.912109375,168.8300018310547,409.3886413574219
2023-10-06,27946.59765625,169.6999969482422,414.249267578125
2023-10-07,27968.83984375,,
2023-10-08,27935.08984375,,
2023-10-09,27583.677734375,172.82000732421875,416.90130615234375
2023-10-10,27391.01953125,172.52999877929688,419.0712585449219
2023-10-11,26873.3203125,173.7899932861328,420.7878723144531
2023-10-12,26756.798828125,173.25999450683594,418.22265625
2023-10-13,26862.375,178.8300018310547,416.1394958496094
2023-10-14,26861.70703125,,
2023-10-15,27159.65234375,,
2023-10-16,28519.466796875,177.9600067138672,420.51788330078125
2023-10-17,28415.748046875,178.2899932861328,420.49859619140625
2023-10-18,28328.341796875,180.8699951171875,414.8953857421875
2023-10-19,28719.806640625,183.08999633789062,411.24993896484375
2023-10-20,29682.94921875,183.58999633789062,406.19647216796875
2023-10-21,29918.412109375,,
2023-10-22,29993.896484375,,
2023-10-23,33086.234375,182.97000122070312,405.4925231933594
2023-10-24,33901.52734375,182.9499969482422,408.5496520996094
2023-10-25,34502.8203125,183.72000122070312,402.68603515625
2023-10-26,34156.6484375,184.00999450683594,397.864013671875
2023-10-27,33909.80078125,186.14999389648438,396.06060791015625
2023-10-28,34089.57421875,,
2023-10-29,34538.48046875,,
2023-10-30,34502.36328125,185.10000610351562,400.7957763671875
2023-10-31,34667.78125,184.08999633789062,403.3128967285156
2023-11-01,35437.25390625,183.50999450683594,407.6141662597656
2023-11-02,34938.2421875,184.1199951171875,415.42584228515625
2023-11-03,34732.32421875,184.7899932861328,419.2159118652344
2023-11-04,35082.1953125,,
2023-11-05,35049.35546875,,
2023-11-06,35037.37109375,183.35000610351562,420.18035888671875
2023-11-07,35443.5625,182.58999633789062,421.37615966796875
2023-11-08,35655.27734375,180.77000427246094,421.68475341796875
2023-11-09,36693.125,181.49000549316406,418.3961486816406
2023-11-10,37313.96875,179.50999450683594,424.9251403808594
2023-11-11,37138.05078125,,
2023-11-12,37054.51953125,,
2023-11-13,36502.35546875,180.50999450683594,424.5201416015625
2023-11-14,35537.640625,182.1199951171875,432.75616455078125
2023-11-15,37880.58203125,181.63999938964844,433.6723327636719
2023-11-16,36154.76953125,183.69000244140625,434.2027282714844
2023-11-17,36596.68359375,183.6699981689453,434.7428283691406
2023-11-18,36585.703125,,
2023-11-19,37386.546875,,
2023-11-20,37476.95703125,183.3699951171875,438.0893249511719
2023-11-21,35813.8125,185.35000610351562,437.13446044921875
2023-11-22,37432.33984375,184.55999755859375,438.8221740722656
2023-11-23,37289.62109375,,
2023-11-24,37720.28125,185.52000427246094,439.09222412109375
2023-11-25,37796.79296875,,
2023-11-26,37479.12109375,,
2023-11-27,37254.16796875,186.77000427246094,438.3014221191406
2023-11-28,37831.0859375,189.25999450683594,438.7353820800781
2023-11-29,37858.4921875,189.5399932861328,438.4268798828125
2023-11-30,37712.74609375,188.75,440.1531066894531
2023-12-01,38688.75,192.00999450683594,442.7569580078125
2023-12-02,39476.33203125,,
2023-12-03,39978.390625,,
2023-12-04,41980.09765625,187.86000061035156,440.4327087402344
2023-12-05,44080.6484375,187.14999389648438,440.34600830078125
2023-12-06,43746.4453125,187.83999633789062,438.57147216796875
2023-12-07,43292.6640625,188.14999389648438,441.91796875
2023-12-08,44166.6015625,185.63999938964844,443.81781005859375
2023-12-09,43725.984375,,
2023-12-10,43779.69921875,,
2023-12-11,41243.83203125,183.58999633789062,445.5440673828125
2023-12-12,41450.22265625,183.49000549316406,447.5790100097656
2023-12-13,42890.7421875,187.6300048828125,453.7510986328125
2023-12-14,43023.97265625,188.72999572753906,455.2074279785156
2023-12-15,41929.7578125,187.0,454.45794677734375
2023-12-16,42240.1171875,,
2023-12-17,41364.6640625,,
2023-12-18,42623.5390625,187.85000610351562,457.0142822265625
2023-12-19,42270.52734375,189.1300048828125,459.7933349609375
2023-12-20,43652.25,188.10000610351562,453.421875
2023-12-21,43869.15234375,189.42999267578125,457.72113037109375
2023-12-22,43997.90234375,190.27000427246094,458.6409912109375
2023-12-23,43739.54296875,,
2023-12-24,43016.1171875,,
2023-12-25,43613.140625,,
2023-12-26,42520.40234375,191.72000122070312,460.5776062011719
2023-12-27,43442.85546875,192.58999633789062,461.4103698730469
2023-12-28,42627.85546875,191.47000122070312,461.58465576171875
2023-12-29,42099.40234375,191.1699981689453,460.2484130859375
2023-12-30,42156.90234375,,
2023-12-31,42265.1875,,
2024-01-01,44167.33203125,,
2024-01-02,44957.96875,190.72000122070312,457.6727294921875
2024-01-03,42848.17578125,189.1300048828125,453.93505859375
2024-01-04,44179.921875,189.32000732421875,452.47283935546875
2024-01-05,44162.69140625,189.35000610351562,453.0926513671875
2024-01-06,43989.1953125,,
2024-01-07,43943.09765625,,
2024-01-08,46970.50390625,187.8699951171875,459.5609436035156
2024-01-09,46139.73046875,187.92999267578125,458.86376953125
2024-01-10,46627.77734375,187.5,461.45880126953125
2024-01-11,46368.5859375,187.8699951171875,461.2554931640625
2024-01-12,42853.16796875,189.7100067138672,461.5749816894531
2024-01-13,42842.3828125,,
2024-01-14,41796.26953125,,
2024-01-15,42511.96875,,
2024-01-16,43154.9453125,187.91000366210938,459.88043212890625
2024-01-17,42742.65234375,185.83999633789062,457.32415771484375
2024-01-18,41262.05859375,187.3699951171875,461.3910217285156
2024-01-19,41618.40625,187.92999267578125,467.142822265625
2024-01-20,41665.5859375,,
2024-01-21,41545.78515625,,
2024-01-22,39507.3671875,187.22000122070312,468.1304931640625
2024-01-23,39845.55078125,187.9499969482422,469.4957275390625
2024-01-24,40077.07421875,186.39999389648438,470.0090637207031
2024-01-25,39933.80859375,187.13999938964844,472.5653076171875
2024-01-26,41816.87109375,187.00999450683594,471.96502685546875
2024-01-27,42120.0546875,,
2024-01-28,42035.59375,,
2024-01-29,43288.24609375,188.3300018310547,475.7026672363281
2024-01-30,42952.609375,188.58999633789062,475.33477783203125
2024-01-31,42582.60546875,188.4499969482422,467.5785217285156
2024-02-01,43075.7734375,190.41000366210938,473.69830322265625
2024-02-02,43185.859375,188.61000061035156,478.68511962890625
2024-02-03,42992.25,,
2024-02-04,42583.58203125,,
2024-02-05,42658.66796875,187.57000732421875,476.942138671875
2024-02-06,43084.671875,188.5500030517578,478.3268737792969
2024-02-07,44318.22265625,188.5,482.3162536621094
2024-02-08,45301.56640625,188.3300018310547,482.5293273925781
2024-02-09,47147.19921875,187.60000610351562,485.3180236816406
2024-02-10,47771.27734375,,
2024-02-11,48293.91796875,,
2024-02-12,49958.22265625,187.11000061035156,485.1050109863281
2024-02-13,49742.44140625,184.52999877929688,478.423583984375
2024-02-14,51826.6953125,184.4199981689453,482.7713928222656
2024-02-15,51938.5546875,185.66000366210938,486.10235595703125
2024-02-16,52160.203125,186.33999633789062,483.68157958984375
2024-02-17,51662.99609375,,
2024-02-18,52122.546875,,
2024-02-19,51779.14453125,,
2024-02-20,52284.875,187.47000122070312,481.0187683105469
2024-02-21,51839.1796875,187.47999572753906,481.4544677734375
2024-02-22,51304.97265625,187.55999755859375,491.4183654785156
2024-02-23,50731.94921875,188.6199951171875,491.7572937011719
2024-02-24,51571.1015625,,
2024-02-25,51733.23828125,,
2024-02-26,54522.40234375,188.1999969482422,489.95623779296875
2024-02-27,57085.37109375,188.0,490.866455078125
2024-02-28,62504.7890625,188.33999633789062,490.21771240234375
2024-02-29,61198.3828125,189.30999755859375,491.97998046875
2024-03-01,62440.6328125,192.88999938964844,496.59881591796875
2024-03-02,62029.84765625,,
2024-03-03,63167.37109375,,
2024-03-04,68330.4140625,196.00999450683594,496.0662841796875
2024-03-05,63801.19921875,197.19000244140625,491.1085205078125
2024-03-06,66106.8046875,198.80999755859375,493.59710693359375
2024-03-07,66925.484375,199.94000244140625,498.49676513671875
2024-03-08,68300.09375,201.6300048828125,495.5046691894531
2024-03-09,68498.8828125,,
2024-03-10,69019.7890625,,
2024-03-11,72123.90625,202.0,495.0786437988281
2024-03-12,71481.2890625,199.7899932861328,500.40435791015625
2024-03-13,73083.5,201.19000244140625,499.6199951171875
2024-03-14,71396.59375,200.35000610351562,498.6322937011719
2024-03-15,69403.7734375,199.7100067138672,495.20843505859375
2024-03-16,65315.1171875,,
2024-03-17,68390.625,,
2024-03-18,67548.59375,200.02999877929688,498.15155029296875
2024-03-19,61912.7734375,199.8000030517578,500.91973876953125
2024-03-20,67913.671875,202.17999267578125,505.5529479980469
2024-03-21,65491.390625,201.97000122070312,507.22369384765625
2024-03-22,63778.76171875,200.35000610351562,506.2620544433594
2024-03-23,64062.203125,,
2024-03-24,67234.171875,,
2024-03-25,69958.8125,200.99000549316406,504.86334228515625
2024-03-26,69987.8359375,201.63999938964844,503.9308776855469
2024-03-27,69455.34375,203.10000610351562,508.1658630371094
2024-03-28,70744.953125,205.72000122070312,508.0687561035156
2024-03-29,69892.828125,,
2024-03-30,69645.3046875,,
2024-03-31,71333.6484375,,
2024-04-01,69702.1484375,207.82000732421875,507.184814453125
2024-04-02,65446.97265625,210.88999938964844,503.9600524902344
2024-04-03,65980.8125,212.74000549316406,504.513671875
2024-04-04,68508.84375,211.52000427246094,498.35552978515625
2024-04-05,67837.640625,215.13999938964844,503.561767578125
2024-04-06,68896.109375,,
2024-04-07,69362.5546875,,
2024-04-08,71631.359375,216.47999572753906,503.84344482421875
2024-04-09,69139.015625,217.6699981689453,504.42620849609375
2024-04-10,70587.8828125,215.61000061035156,499.3753967285156
2024-04-11,70060.609375,219.8000030517578,503.1440734863281
2024-04-12,67195.8671875,216.88999938964844,496.1991882324219
2024-04-13,63821.47265625,,
2024-04-14,65738.7265625,,
2024-04-15,63426.2109375,220.9499969482422,489.98272705078125
2024-04-16,63811.86328125,221.22000122070312,489.089111328125
2024-04-17,61276.69140625,219.58999633789062,486.19451904296875
2024-04-18,63512.75390625,220.33999633789062,485.194091796875
2024-04-19,63843.5703125,221.02999877929688,480.9590759277344
2024-04-20,64994.44140625,,
2024-04-21,64926.64453125,,
2024-04-22,66837.6796875,215.57000732421875,485.3883972167969
2024-04-23,66407.2734375,215.0399932861328,491.1482849121094
2024-04-24,64276.8984375,214.63999938964844,490.91522216796875
2024-04-25,64481.70703125,215.9199981689453,489.0502624511719
2024-04-26,63755.3203125,216.6199951171875,493.6834716796875
2024-04-27,63419.140625,,
2024-04-28,63113.23046875,,
2024-04-29,63841.12109375,216.17999267578125,495.4317626953125
2024-04-30,60636.85546875,211.8699951171875,487.58355712890625
2024-05-01,58254.01171875,213.7899932861328,486.00030517578125
2024-05-02,59123.43359375,213.1300048828125,490.5460510253906
2024-05-03,62889.8359375,212.9600067138672,496.6265563964844
2024-05-04,63891.47265625,,
2024-05-05,64031.1328125,,
2024-05-06,63161.94921875,215.1999969482422,501.755126953125
2024-05-07,62334.81640625,214.2100067138672,502.3088684082031
2024-05-08,61187.94140625,213.5800018310547,502.3573303222656
2024-05-09,63049.9609375,216.9499969482422,505.2518615722656
2024-05-10,60792.77734375,218.7100067138672,505.9027404785156
2024-05-11,60793.7109375,,
2024-05-12,61448.39453125,,
2024-05-13,62901.44921875,216.25999450683594,505.9705810546875
2024-05-14,61552.7890625,218.08999633789062,508.2921142578125
2024-05-15,66267.4921875,220.88999938964844,514.5863647460938
2024-05-16,65231.58203125,220.02999877929688,513.527587890625
2024-05-17,67051.875,223.66000366210938,514.2658081054688
2024-05-18,66940.8046875,,
2024-05-19,66278.3671875,,
2024-05-20,71448.1953125,224.55999755859375,514.8582153320312
2024-05-21,70136.53125,224.22999572753906,516.1209106445312
2024-05-22,69122.3359375,220.11000061035156,514.6348266601562
2024-05-23,67929.5625,215.72000122070312,510.8758850097656
2024-05-24,68526.1015625,215.9199981689453,514.2559814453125
2024-05-25,69265.9453125,,
2024-05-26,68518.09375,,
2024-05-27,69394.5546875,,
2024-05-28,68296.21875,218.19000244140625,514.6154174804688
2024-05-29,67578.09375,216.16000366210938,511.0118408203125
2024-05-30,68364.9921875,216.57000732421875,507.6218566894531
2024-05-31,67491.4140625,215.3000030517578,512.2453002929688
2024-06-01,67706.9375,,
2024-06-02,67751.6015625,,
2024-06-03,68804.78125,217.22000122070312,512.6630859375
2024-06-04,70567.765625,215.27000427246094,513.2361450195312
2024-06-05,71082.8203125,217.82000732421875,519.3359985351562
2024-06-06,70757.1640625,219.42999267578125,519.3262329101562
2024-06-07,69342.5859375,211.60000610351562,518.6950073242188
2024-06-08,69305.7734375,,
2024-06-09,69647.9921875,,
2024-06-10,69512.28125,213.5399932861328,520.297607421875
2024-06-11,67332.03125,214.14999389648438,521.55078125
2024-06-12,68241.1875,214.72000122070312,525.8341064453125
2024-06-13,66756.3984375,212.97000122070312,526.8928833007812
2024-06-14,66011.09375,215.72999572753906,527.2134399414062
2024-06-15,66191.0,,
2024-06-16,66639.046875,,
2024-06-17,66490.296875,214.61000061035156,531.4095458984375
2024-06-18,65140.74609375,215.47000122070312,532.759765625
2024-06-19,64960.296875,,
2024-06-20,64828.65625,218.16000366210938,531.3123779296875
2024-06-21,64096.19921875,214.77999877929688,530.6001586914062
2024-06-22,64252.578125,,
2024-06-23,63180.796875,,
2024-06-24,60277.4140625,215.6300048828125,528.8753051757812
2024-06-25,61804.640625,214.55999755859375,530.911865234375
2024-06-26,60811.27734375,212.5800018310547,531.5745849609375
2024-06-27,61604.80078125,214.99000549316406,532.4126586914062
2024-06-28,60320.13671875,215.00999450683594,530.3175659179688
2024-06-29,60887.37890625,,
2024-06-30,62678.29296875,,
2024-07-01,62851.98046875,215.57000732421875,531.408935546875
2024-07-02,62029.015625,215.55999755859375,534.9851684570312
2024-07-03,60173.921875,217.99000549316406,537.3726806640625
2024-07-04,56977.703125,,
2024-07-05,56662.375,220.92999267578125,540.4713745117188
2024-07-06,58303.5390625,,
2024-07-07,55849.109375,,
2024-07-08,56705.09765625,218.19000244140625,541.0950927734375
2024-07-09,58009.2265625,218.55999755859375,541.6211547851562
2024-07-10,57742.49609375,219.36000061035156,546.9806518554688
2024-07-11,57344.9140625,223.25,542.2643432617188
2024-07-12,57899.46484375,223.11000061035156,545.6846923828125
2024-07-13,59231.953125,,
2024-07-14,60787.79296875,,
2024-07-15,64870.15234375,223.8300018310547,547.185302734375
2024-07-16,65097.1484375,228.2899932861328,550.4302368164062
2024-07-17,64118.79296875,227.22999572753906,542.7125854492188
2024-07-18,63974.06640625,225.77999877929688,538.5419311523438
2024-07-19,66710.15625,221.72999572753906,534.965576171875
2024-07-20,67163.6484375,,
2024-07-21,68154.5234375,,
2024-07-22,67585.25,221.8000030517578,540.4811401367188
2024-07-23,65927.671875,222.5800018310547,539.6333618164062
2024-07-24,65372.1328125,221.8000030517578,527.4038696289062
2024-07-25,65777.2265625,218.3300018310547,524.6559448242188
2024-07-26,67912.0625,220.6300048828125,530.5319213867188
2024-07-27,67813.3359375,,
2024-07-28,68255.8671875,,
2024-07-29,66819.9140625,220.32000732421875,530.8438110351562
2024-07-30,66201.015625,222.52000427246094,528.1541137695312
2024-07-31,64619.25,226.5500030517578,536.7391967773438
2024-08-01,65357.5,225.77000427246094,529.1384887695312
2024-08-02,61415.06640625,225.33999633789062,519.28662109375
2024-08-03,60680.09375,,
2024-08-04,58116.9765625,,
2024-08-05,53991.45703125,222.47999572753906,504.1631774902344
2024-08-06,56034.31640625,220.6999969482422,508.8113708496094
2024-08-07,55027.4609375,220.5500030517578,505.41046142578125
2024-08-08,61710.13671875,224.00999450683594,517.0941772460938
2024-08-09,60880.11328125,224.55999755859375,519.3743286132812
2024-08-10,60945.8125,,
2024-08-11,58719.484375,,
2024-08-12,59354.515625,228.41000366210938,519.6473388671875
2024-08-13,60609.56640625,228.05999755859375,528.1931762695312
2024-08-14,58737.26953125,226.1999969482422,529.8595581054688
2024-08-15,57560.09765625,226.91000366210938,538.94140625
2024-08-16,58894.10546875,231.99000549316406,540.1497192382812
2024-08-17,59478.97265625,,
2024-08-18,58483.96484375,,
2024-08-19,59493.453125,231.61000061035156,545.3142700195312
2024-08-20,59012.79296875,232.4600067138672,544.4276123046875
2024-08-21,61175.19140625,232.14999389648438,546.2985229492188
2024-08-22,60381.9140625,229.3699951171875,542.0109252929688
2024-08-23,64094.35546875,232.02000427246094,547.7699584960938
2024-08-24,64178.9921875,,
2024-08-25,64333.54296875,,
2024-08-26,62880.66015625,232.75999450683594,546.4642333984375
2024-08-27,59504.1328125,233.38999938964844,547.2145385742188
2024-08-28,59027.625,231.75,544.037841796875
2024-08-29,59388.1796875,232.9499969482422,544.0864868164062
2024-08-30,59119.4765625,231.2899932861328,549.2803955078125
2024-08-31,58969.8984375,,
2024-09-01,57325.48828125,,
2024-09-02,59112.48046875,,
2024-09-03,57431.0234375,230.2899932861328,537.976806640625
2024-09-04,57971.5390625,230.42999267578125,536.8755493164062
2024-09-05,56160.48828125,232.35000610351562,535.56982421875
2024-09-06,53948.75390625,230.6300048828125,526.5560913085938
2024-09-07,54139.6875,,
2024-09-08,54841.56640625,,
2024-09-09,57019.53515625,231.60000610351562,532.4515991210938
2024-09-10,57648.7109375,232.6199951171875,534.770751953125
2024-09-11,57343.171875,232.25,540.2569580078125
2024-09-12,58127.01171875,236.3300018310547,544.8076171875
2024-09-13,60571.30078125,238.67999267578125,547.653076171875
2024-09-14,60005.12109375,,
2024-09-15,59182.8359375,,
2024-09-16,58192.5078125,238.66000366210938,548.4618530273438
2024-09-17,60308.5390625,237.33999633789062,548.68603515625
2024-09-18,61649.6796875,235.50999450683594,547.0586547851562
2024-09-19,62940.45703125,239.1699981689453,556.3937377929688
2024-09-20,63192.9765625,242.2100067138672,555.43212890625
2024-09-21,63394.83984375,,
2024-09-22,63648.7109375,,
2024-09-23,63329.80078125,242.67999267578125,556.8200073242188
2024-09-24,64301.96875,246.07000732421875,558.4133911132812
2024-09-25,63143.14453125,245.72999572753906,557.1817016601562
2024-09-26,65181.01953125,246.97999572753906,559.3907470703125
2024-09-27,65790.6640625,245.02000427246094,558.5795288085938
2024-09-28,65887.6484375,,
2024-09-29,65635.3046875,,
2024-09-30,63329.5,243.05999755859375,560.8178100585938
2024-10-01,60837.0078125,245.61000061035156,555.7937622070312
2024-10-02,60632.78515625,245.66000366210938,556.0283203125
2024-10-03,60759.40234375,245.49000549316406,555.0118408203125
2024-10-04,62067.4765625,245.0,560.055419921875
2024-10-05,62089.94921875,,
2024-10-06,62818.953125,,
2024-10-07,62236.66015625,244.1699981689453,554.9921875
2024-10-08,62131.96875,242.3699951171875,560.2411499023438
2024-10-09,60582.1015625,241.0500030517578,564.1215209960938
2024-10-10,60274.5,242.82000732421875,563.1343994140625
2024-10-11,62445.08984375,245.47000122070312,566.5065307617188
2024-10-12,63193.0234375,,
2024-10-13,62851.375,,
2024-10-14,66046.125,245.07000732421875,571.1397094726562
2024-10-15,67041.109375,245.9199981689453,566.7020263671875
2024-10-16,67612.71875,247.14999389648438,569.1651611328125
2024-10-17,67399.8359375,248.6300048828125,569.2139892578125
2024-10-18,68418.7890625,251.27000427246094,571.403564453125
2024-10-19,68362.734375,,
2024-10-20,69001.703125,,
2024-10-21,67367.8515625,251.22000122070312,570.4651489257812
2024-10-22,67361.40625,253.92999267578125,570.162109375
2024-10-23,66432.1953125,250.8699951171875,564.9523315429688
2024-10-24,68161.0546875,252.8000030517578,566.1742553710938
2024-10-25,66642.4140625,253.32000732421875,565.9786376953125
2024-10-26,67014.6953125,,
2024-10-27,67929.296875,,
2024-10-28,69907.7578125,253.3300018310547,567.7284545898438
2024-10-29,72720.4921875,256.0899963378906,568.6470947265625
2024-10-30,72339.5390625,257.5,566.9268188476562
2024-10-31,70215.1875,253.50999450683594,555.8134155273438
2024-11-01,69482.46875,252.47000122070312,558.1591186523438
2024-11-02,69289.2734375,,
2024-11-03,68741.1171875,,
2024-11-04,67811.5078125,252.8300018310547,556.9568481445312
2024-11-05,69359.5625,253.39999389648438,563.6915893554688
2024-11-06,75639.078125,245.6999969482422,577.7080688476562
2024-11-07,75904.859375,249.64999389648438,582.1749877929688
2024-11-08,76545.4765625,247.9600067138672,584.69677734375
2024-11-09,76778.8671875,,
2024-11-10,80474.1875,,
2024-11-11,88701.484375,242.13999938964844,585.25390625
2024-11-12,87955.8125,240.0500030517578,583.4358520507812
2024-11-13,90584.1640625,237.6300048828125,583.7193603515625
2024-11-14,87250.4296875,237.00999450683594,579.9658813476562
2024-11-15,91066.0078125,236.58999633789062,572.5374755859375
2024-11-16,90558.4765625,,
2024-11-17,89845.8515625,,
2024-11-18,90542.640625,241.08999633789062,574.8832397460938
2024-11-19,92343.7890625,243.25,576.9847412109375
2024-11-20,94339.4921875,244.6199951171875,577.1802368164062
2024-11-21,98504.7265625,246.66000366210938,580.2786865234375
2024-11-22,98997.6640625,249.83999633789062,582.0772705078125
2024-11-23,97777.28125,,
2024-11-24,98013.8203125,,
2024-11-25,93102.296875,242.47999572753906,584.0516357421875
2024-11-26,91985.3203125,242.9499969482422,587.101318359375
2024-11-27,95962.53125,243.49000549316406,585.3223266601562
2024-11-28,95652.46875,,
2024-11-29,97461.5234375,245.58999633789062,588.9583740234375
2024-11-30,96449.0546875,,
2024-12-01,97279.7890625,,
2024-12-02,95865.3046875,243.44000244140625,590.0140380859375
2024-12-03,96002.1640625,243.92999267578125,590.2877197265625
2024-12-04,98768.53125,244.6699981689453,593.9530639648438
2024-12-05,96593.5703125,242.86000061035156,592.9756469726562
2024-12-06,99920.7109375,242.9499969482422,594.0997924804688
2024-12-07,99923.3359375,,
2024-12-08,101236.015625,,
2024-12-09,97432.71875,245.36000061035156,591.0404052734375
2024-12-10,96675.4296875,248.58999633789062,589.2028198242188
2024-12-11,101173.03125,250.9600067138672,593.7576293945312
2024-12-12,100043.0,247.27999877929688,590.6982421875
2024-12-13,101459.2578125,244.2899932861328,590.5810546875
2024-12-14,101372.96875,,
2024-12-15,104298.6953125,,
2024-12-16,106029.71875,244.8800048828125,593.1026611328125
2024-12-17,106140.6015625,243.94000244140625,590.6590576171875
2024-12-18,100041.5390625,239.25999450683594,573.0552978515625
2024-12-19,97490.953125,239.60000610351562,572.8794555664062
2024-12-20,97755.9296875,242.10000610351562,579.7603759765625
2024-12-21,97224.7265625,,
2024-12-22,95104.9375,,
2024-12-23,94686.2421875,240.9600067138672,583.2320556640625
2024-12-24,98676.09375,241.44000244140625,589.714599609375
2024-12-25,99299.1953125,,
2024-12-26,95795.515625,243.07000732421875,589.7539672851562
2024-12-27,94164.859375,241.39999389648438,583.5459594726562
2024-12-28,95163.9296875,,
2024-12-29,93530.2265625,,
2024-12-30,92643.2109375,240.6300048828125,576.8866577148438
2024-12-31,93429.203125,242.1300048828125,574.7879638671875
